date,count
2015-11-25,13731
2015-11-24,83095
2015-11-23,85910
2015-11-22,55105
2015-11-21,49595
2015-11-20,52498
2015-11-19,49263
2015-11-18,44536
2015-11-17,39678
2015-11-16,34430
2015-11-15,26071
2015-11-14,28015
2015-11-13,31769
2015-11-12,29682
2015-11-11,29528
2015-11-10,26931
2015-11-09,24757
2015-11-08,17556
2015-11-07,18559
2015-11-06,22320
2015-11-05,22510
2015-11-04,21693
2015-11-03,19949
2015-11-02,18798
2015-11-01,12791
2015-10-31,14257
2015-10-30,16979
2015-10-29,18863
2015-10-28,17881
2015-10-27,16576
2015-10-26,15842
2015-10-25,11105
2015-10-24,11532
2015-10-23,14599
2015-10-22,14909
2015-10-21,15215
2015-10-20,14352
2015-10-19,12978
2015-10-18,10238
2015-10-17,10478
2015-10-16,13305
2015-10-15,13121
2015-10-14,14737
2015-10-13,12787
2015-10-12,11503
2015-10-11,8920
2015-10-10,9378
2015-10-09,11877
2015-10-08,12582
2015-10-07,12006
2015-10-06,11331
2015-10-05,10630
2015-10-04,7713
2015-10-03,8236
2015-10-02,11004
2015-10-01,10767
2015-09-30,10389
2015-09-29,10176
2015-09-28,9778
2015-09-27,6930
2015-09-26,7447
2015-09-25,9583
2015-09-24,10314
2015-09-23,9525
2015-09-22,9144
2015-09-21,8190
2015-09-20,6512
2015-09-19,6756
2015-09-18,8675
2015-09-17,9490
2015-09-16,8791
2015-09-15,8359
2015-09-14,7790
2015-09-13,5910
2015-09-12,6075
2015-09-11,7693
2015-09-10,8106
2015-09-09,8171
2015-09-08,7372
2015-09-07,5756
2015-09-06,4704
2015-09-05,5334
2015-09-04,7053
2015-09-03,7087
2015-09-02,6944
2015-09-01,7369
2015-08-31,6868
2015-08-30,4964
2015-08-29,4932
2015-08-28,6747
2015-08-27,7042
2015-08-26,7221
2015-08-25,7329
2015-08-24,6734
2015-08-23,5039
2015-08-22,5198
2015-08-21,6440
2015-08-20,6655
2015-08-19,6683
2015-08-18,6473
2015-08-17,6429
2015-08-16,4078
2015-08-15,4569
2015-08-14,5935
2015-08-13,6266
2015-08-12,6729
2015-08-11,5816
2015-08-10,5382
2015-08-09,4042
2015-08-08,3945
2015-08-07,6122
2015-08-06,6044
2015-08-05,6001
2015-08-04,5334
2015-08-03,4747
2015-08-02,3706
2015-08-01,3557
2015-07-31,4965
2015-07-30,5420
2015-07-29,5198
2015-07-28,5078
2015-07-27,4820
2015-07-26,3455
2015-07-25,3693
2015-07-24,4714
2015-07-23,5435
2015-07-22,5185
2015-07-21,4793
2015-07-20,4828
2015-07-19,3189
2015-07-18,3555
2015-07-17,4313
2015-07-16,4686
2015-07-15,5034
2015-07-14,4636
2015-07-13,4511
2015-07-12,3111
2015-07-11,3186
2015-07-10,4444
2015-07-09,4165
2015-07-08,4674
2015-07-07,4295
2015-07-06,4241
2015-07-05,3165
2015-07-04,2998
2015-07-03,3653
2015-07-02,4067
2015-07-01,4381
2015-06-30,4473
2015-06-29,4103
2015-06-28,2873
2015-06-27,3044
2015-06-26,4778
2015-06-25,4649
2015-06-24,4707
2015-06-23,4378
2015-06-22,4161
2015-06-21,2889
2015-06-20,2815
2015-06-19,3734
2015-06-18,4404
2015-06-17,4269
2015-06-16,4385
2015-06-15,3888
2015-06-14,2750
2015-06-13,2826
2015-06-12,4021
2015-06-11,4220
2015-06-10,4619
2015-06-09,4476
2015-06-08,3817
2015-06-07,2954
2015-06-06,2772
2015-06-05,3635
2015-06-04,3668
2015-06-03,3697
2015-06-02,4081
2015-06-01,3406
2015-05-31,2748
2015-05-30,2815
2015-05-29,3596
2015-05-28,3808
2015-05-27,3748
2015-05-26,3166
2015-05-25,2822
2015-05-24,2415
2015-05-23,2479
2015-05-22,3673
2015-05-21,3551
2015-05-20,3925
2015-05-19,3689
2015-05-18,3399
2015-05-17,2410
2015-05-16,2771
2015-05-15,3707
2015-05-14,3886
2015-05-13,4151
2015-05-12,4279
2015-05-11,3448
2015-05-10,2536
2015-05-09,2977
2015-05-08,3894
2015-05-07,4090
2015-05-06,3928
2015-05-05,3942
2015-05-04,3594
2015-05-03,2692
2015-05-02,2768
2015-05-01,3503
2015-04-30,3560
2015-04-29,3552
2015-04-28,3556
2015-04-27,3262
2015-04-26,2612
2015-04-25,2695
2015-04-24,3416
2015-04-23,3529
2015-04-22,3711
2015-04-21,3407
2015-04-20,3460
2015-04-19,2570
2015-04-18,2561
2015-04-17,3034
2015-04-16,3500
2015-04-15,3596
2015-04-14,3241
2015-04-13,2986
2015-04-12,2425
2015-04-11,2392
2015-04-10,2897
2015-04-09,3144
2015-04-08,3156
2015-04-07,3217
2015-04-06,2543
2015-04-05,2143
2015-04-04,1970
2015-04-03,2499
2015-04-02,3091
2015-04-01,3218
2015-03-31,3005
2015-03-30,2973
2015-03-29,2307
2015-03-28,2321
2015-03-27,3019
2015-03-26,2994
2015-03-25,3170
2015-03-24,3150
2015-03-23,2660
2015-03-22,2133
2015-03-21,2097
2015-03-20,2747
2015-03-19,2871
2015-03-18,2903
2015-03-17,2818
2015-03-16,2305
2015-03-15,1933
2015-03-14,1998
2015-03-13,2783
2015-03-12,2998
2015-03-11,2941
2015-03-10,2862
2015-03-09,2735
2015-03-08,2180
2015-03-07,1943
2015-03-06,2654
2015-03-05,2907
2015-03-04,2983
2015-03-03,2671
2015-03-02,2786
2015-03-01,2002
2015-02-28,2120
2015-02-27,2719
2015-02-26,2657
2015-02-25,2556
2015-02-24,2646
2015-02-23,2490
2015-02-22,1833
2015-02-21,1998
2015-02-20,2696
2015-02-19,2569
2015-02-18,2283
2015-02-17,2455
2015-02-16,2434
2015-02-15,1876
2015-02-14,1930
2015-02-13,2675
2015-02-12,2526
2015-02-11,2467
2015-02-10,2489
2015-02-09,2335
2015-02-08,2014
2015-02-07,2145
2015-02-06,2351
2015-02-05,2350
2015-02-04,2516
2015-02-03,2424
2015-02-02,2781
2015-02-01,1691
2015-01-31,1768
2015-01-30,2072
2015-01-29,2335
2015-01-28,2262
2015-01-27,2167
2015-01-26,2260
2015-01-25,1496
2015-01-24,1532
2015-01-23,1996
2015-01-22,1988
2015-01-21,2404
2015-01-20,2095
2015-01-19,1925
2015-01-18,1668
2015-01-17,1407
2015-01-16,1800
2015-01-15,2122
2015-01-14,2107
2015-01-13,1888
2015-01-12,1760
2015-01-11,1451
2015-01-10,1488
2015-01-09,1844
2015-01-08,1898
2015-01-07,2062
2015-01-06,1910
2015-01-05,1917
2015-01-04,1451
2015-01-03,1375
2015-01-02,1352
2015-01-01,1296
2014-12-31,1470
2014-12-30,1424
2014-12-29,1366
2014-12-28,1416
2014-12-27,1055
2014-12-26,1155
2014-12-25,1259
2014-12-24,1395
2014-12-23,1541
2014-12-22,1747
2014-12-21,1251
2014-12-20,1380
2014-12-19,1612
2014-12-18,1780
2014-12-17,1901
2014-12-16,1841
2014-12-15,1887
2014-12-14,1216
2014-12-13,1415
2014-12-12,1570
2014-12-11,2067
2014-12-10,2047
2014-12-09,1746
2014-12-08,1649
2014-12-07,1204
2014-12-06,1519
2014-12-05,1817
2014-12-04,1991
2014-12-03,2211
2014-12-02,1673
2014-12-01,1782
2014-11-30,1337
2014-11-29,1363
2014-11-28,1647
2014-11-27,1463
2014-11-26,1788
2014-11-25,2045
2014-11-24,1868
2014-11-23,1434
2014-11-22,1314
2014-11-21,1751
2014-11-20,1880
2014-11-19,1964
2014-11-18,1922
2014-11-17,1873
2014-11-16,1246
2014-11-15,1235
2014-11-14,1624
2014-11-13,1798
2014-11-12,1772
2014-11-11,1724
2014-11-10,1584
2014-11-09,1279
2014-11-08,1470
2014-11-07,1778
2014-11-06,1855
2014-11-05,1892
2014-11-04,1706
2014-11-03,1539
2014-11-02,1375
2014-11-01,1225
2014-10-31,1486
2014-10-30,2118
2014-10-29,1666
2014-10-28,1584
2014-10-27,1676
2014-10-26,1174
2014-10-25,1172
2014-10-24,1766
2014-10-23,1683
2014-10-22,1652
2014-10-21,1855
2014-10-20,1764
2014-10-19,1350
2014-10-18,1363
2014-10-17,1592
2014-10-16,1821
2014-10-15,1709
2014-10-14,1773
2014-10-13,1545
2014-10-12,1155
2014-10-11,1217
2014-10-10,1514
2014-10-09,1742
2014-10-08,1804
2014-10-07,2079
2014-10-06,1610
2014-10-05,1252
2014-10-04,1310
2014-10-03,1429
2014-10-02,1386
2014-10-01,1712
2014-09-30,1707
2014-09-29,1308
2014-09-28,1119
2014-09-27,1400
2014-09-26,1498
2014-09-25,1474
2014-09-24,1654
2014-09-23,1549
2014-09-22,1699
2014-09-21,1488
2014-09-20,1543
2014-09-19,1797
2014-09-18,1457
2014-09-17,1537
2014-09-16,1661
2014-09-15,1215
2014-09-14,968
2014-09-13,949
2014-09-12,1353
2014-09-11,1305
2014-09-10,1350
2014-09-09,1427
2014-09-08,1436
2014-09-07,1046
2014-09-06,1120
2014-09-05,1323
2014-09-04,1526
2014-09-03,1312
2014-09-02,1219
2014-09-01,1171
2014-08-31,1190
2014-08-30,1112
2014-08-29,1201
2014-08-28,1381
2014-08-27,1290
2014-08-26,1429
2014-08-25,1130
2014-08-24,956
2014-08-23,980
2014-08-22,1347
2014-08-21,1098
2014-08-20,1227
2014-08-19,1300
2014-08-18,1218
2014-08-17,837
2014-08-16,1235
2014-08-15,1267
2014-08-14,1321
2014-08-13,1286
2014-08-12,1426
2014-08-11,1212
2014-08-10,842
2014-08-09,1025
2014-08-08,1178
2014-08-07,1142
2014-08-06,1201
2014-08-05,1246
2014-08-04,1239
2014-08-03,885
2014-08-02,858
2014-08-01,1035
2014-07-31,1252
2014-07-30,1310
2014-07-29,1344
2014-07-28,1108
2014-07-27,859
2014-07-26,939
2014-07-25,1028
2014-07-24,1285
2014-07-23,1213
2014-07-22,1148
2014-07-21,1057
2014-07-20,789
2014-07-19,741
2014-07-18,1112
2014-07-17,1113
2014-07-16,1207
2014-07-15,1109
2014-07-14,1032
2014-07-13,978
2014-07-12,985
2014-07-11,1291
2014-07-10,1432
2014-07-09,1433
2014-07-08,1324
2014-07-07,889
2014-07-06,706
2014-07-05,891
2014-07-04,950
2014-07-03,1009
2014-07-02,1111
2014-07-01,1158
2014-06-30,1018
2014-06-29,881
2014-06-28,856
2014-06-27,1161
2014-06-26,1431
2014-06-25,1437
2014-06-24,1434
2014-06-23,998
2014-06-22,892
2014-06-21,862
2014-06-20,1067
2014-06-19,1161
2014-06-18,1188
2014-06-17,1163
2014-06-16,1130
2014-06-15,837
2014-06-14,1023
2014-06-13,1339
2014-06-12,1103
2014-06-11,1088
2014-06-10,1152
2014-06-09,938
2014-06-08,645
2014-06-07,726
2014-06-06,967
2014-06-05,1067
2014-06-04,968
2014-06-03,1045
2014-06-02,1060
2014-06-01,743
2014-05-31,738
2014-05-30,994
2014-05-29,1073
2014-05-28,1084
2014-05-27,1237
2014-05-26,854
2014-05-25,721
2014-05-24,759
2014-05-23,880
2014-05-22,1022
2014-05-21,1049
2014-05-20,1104
2014-05-19,1124
2014-05-18,867
2014-05-17,1013
2014-05-16,1059
2014-05-15,1004
2014-05-14,1558
2014-05-13,1620
2014-05-12,1458
2014-05-11,1226
2014-05-10,862
2014-05-09,1197
2014-05-08,1009
2014-05-07,1213
2014-05-06,1135
2014-05-05,1146
2014-05-04,877
2014-05-03,800
2014-05-02,1018
2014-05-01,1158
2014-04-30,1081
2014-04-29,1165
2014-04-28,1075
2014-04-27,846
2014-04-26,781
2014-04-25,1097
2014-04-24,1161
2014-04-23,1134
2014-04-22,1122
2014-04-21,929
2014-04-20,665
2014-04-19,745
2014-04-18,929
2014-04-17,1165
2014-04-16,1013
2014-04-15,956
2014-04-14,944
2014-04-13,811
2014-04-12,665
2014-04-11,887
2014-04-10,954
2014-04-09,1020
2014-04-08,978
2014-04-07,1030
2014-04-06,732
2014-04-05,714
2014-04-04,910
2014-04-03,937
2014-04-02,1130
2014-04-01,812
2014-03-31,1179
2014-03-30,1052
2014-03-29,878
2014-03-28,1160
2014-03-27,1090
2014-03-26,1158
2014-03-25,1057
2014-03-24,896
2014-03-23,783
2014-03-22,923
2014-03-21,1024
2014-03-20,989
2014-03-19,1084
2014-03-18,1097
2014-03-17,891
2014-03-16,736
2014-03-15,751
2014-03-14,914
2014-03-13,713
2014-03-12,971
2014-03-11,829
2014-03-10,729
2014-03-09,604
2014-03-08,788
2014-03-07,907
2014-03-06,880
2014-03-05,788
2014-03-04,714
2014-03-03,882
2014-03-02,601
2014-03-01,557
2014-02-28,739
2014-02-27,802
2014-02-26,777
2014-02-25,868
2014-02-24,711
2014-02-23,569
2014-02-22,590
2014-02-21,718
2014-02-20,616
2014-02-19,807
2014-02-18,762
2014-02-17,794
2014-02-16,986
2014-02-15,819
2014-02-14,908
2014-02-13,754
2014-02-12,689
2014-02-11,684
2014-02-10,642
2014-02-09,1288
2014-02-08,591
2014-02-07,685
2014-02-06,733
2014-02-05,686
2014-02-04,763
2014-02-03,830
2014-02-02,533
2014-02-01,523
2014-01-31,591
2014-01-30,811
2014-01-29,777
2014-01-28,683
2014-01-27,758
2014-01-26,395
2014-01-25,536
2014-01-24,680
2014-01-23,723
2014-01-22,784
2014-01-21,741
2014-01-20,566
2014-01-19,506
2014-01-18,477
2014-01-17,535
2014-01-16,573
2014-01-15,629
2014-01-14,558
2014-01-13,655
2014-01-12,486
2014-01-11,426
2014-01-10,553
2014-01-09,547
2014-01-08,629
2014-01-07,669
2014-01-06,596
2014-01-05,413
2014-01-04,466
2014-01-03,524
2014-01-02,507
2014-01-01,500
2013-12-31,561
2013-12-30,562
2013-12-29,333
2013-12-28,317
2013-12-27,455
2013-12-26,351
2013-12-25,403
2013-12-24,476
2013-12-23,419
2013-12-22,373
2013-12-21,416
2013-12-20,490
2013-12-19,500
2013-12-18,503
2013-12-17,549
2013-12-16,608
2013-12-15,589
2013-12-14,449
2013-12-13,550
2013-12-12,626
2013-12-11,691
2013-12-10,648
2013-12-09,536
2013-12-08,389
2013-12-07,437
2013-12-06,550
2013-12-05,665
2013-12-04,726
2013-12-03,505
2013-12-02,493
2013-12-01,509
2013-11-30,424
2013-11-29,542
2013-11-28,744
2013-11-27,672
2013-11-26,512
2013-11-25,556
2013-11-24,478
2013-11-23,457
2013-11-22,679
2013-11-21,597
2013-11-20,728
2013-11-19,663
2013-11-18,553
2013-11-17,426
2013-11-16,381
2013-11-15,639
2013-11-14,606
2013-11-13,580
2013-11-12,533
2013-11-11,538
2013-11-10,557
2013-11-09,443
2013-11-08,590
2013-11-07,610
2013-11-06,581
2013-11-05,572
2013-11-04,468
2013-11-03,441
2013-11-02,454
2013-11-01,504
2013-10-31,561
2013-10-30,558
2013-10-29,639
2013-10-28,506
2013-10-27,490
2013-10-26,474
2013-10-25,503
2013-10-24,533
2013-10-23,525
2013-10-22,538
2013-10-21,536
2013-10-20,540
2013-10-19,391
2013-10-18,495
2013-10-17,467
2013-10-16,587
2013-10-15,712
2013-10-14,501
2013-10-13,477
2013-10-12,692
2013-10-11,581
2013-10-10,604
2013-10-09,584
2013-10-08,540
2013-10-07,594
2013-10-06,461
2013-10-05,416
2013-10-04,534
2013-10-03,507
2013-10-02,565
2013-10-01,627
2013-09-30,540
2013-09-29,562
2013-09-28,419
2013-09-27,489
2013-09-26,480
2013-09-25,594
2013-09-24,600
2013-09-23,500
2013-09-22,597
2013-09-21,700
2013-09-20,507
2013-09-19,519
2013-09-18,465
2013-09-17,594
2013-09-16,548
2013-09-15,471
2013-09-14,416
2013-09-13,603
2013-09-12,554
2013-09-11,591
2013-09-10,502
2013-09-09,431
2013-09-08,419
2013-09-07,420
2013-09-06,501
2013-09-05,607
2013-09-04,409
2013-09-03,471
2013-09-02,457
2013-09-01,378
2013-08-31,412
2013-08-30,579
2013-08-29,584
2013-08-28,543
2013-08-27,505
2013-08-26,547
2013-08-25,490
2013-08-24,458
2013-08-23,471
2013-08-22,463
2013-08-21,461
2013-08-20,462
2013-08-19,475
2013-08-18,400
2013-08-17,377
2013-08-16,527
2013-08-15,532
2013-08-14,600
2013-08-13,694
2013-08-12,530
2013-08-11,356
2013-08-10,379
2013-08-09,410
2013-08-08,599
2013-08-07,543
2013-08-06,431
2013-08-05,458
2013-08-04,284
2013-08-03,371
2013-08-02,439
2013-08-01,518
2013-07-31,443
2013-07-30,480
2013-07-29,542
2013-07-28,350
2013-07-27,443
2013-07-26,570
2013-07-25,489
2013-07-24,520
2013-07-23,502
2013-07-22,514
2013-07-21,449
2013-07-20,434
2013-07-19,612
2013-07-18,535
2013-07-17,561
2013-07-16,513
2013-07-15,495
2013-07-14,411
2013-07-13,478
2013-07-12,458
2013-07-11,451
2013-07-10,459
2013-07-09,550
2013-07-08,506
2013-07-07,415
2013-07-06,442
2013-07-05,415
2013-07-04,497
2013-07-03,564
2013-07-02,454
2013-07-01,459
2013-06-30,369
2013-06-29,475
2013-06-28,444
2013-06-27,551
2013-06-26,562
2013-06-25,612
2013-06-24,582
2013-06-23,476
2013-06-22,370
2013-06-21,625
2013-06-20,644
2013-06-19,676
2013-06-18,650
2013-06-17,579
2013-06-16,349
2013-06-15,425
2013-06-14,556
2013-06-13,712
2013-06-12,547
2013-06-11,717
2013-06-10,676
2013-06-09,645
2013-06-08,687
2013-06-07,530
2013-06-06,552
2013-06-05,527
2013-06-04,577
2013-06-03,500
2013-06-02,355
2013-06-01,483
2013-05-31,429
2013-05-30,437
2013-05-29,546
2013-05-28,566
2013-05-27,399
2013-05-26,310
2013-05-25,380
2013-05-24,522
2013-05-23,510
2013-05-22,541
2013-05-21,625
2013-05-20,448
2013-05-19,368
2013-05-18,310
2013-05-17,474
2013-05-16,524
2013-05-15,730
2013-05-14,520
2013-05-13,472
2013-05-12,438
2013-05-11,497
2013-05-10,544
2013-05-09,767
2013-05-08,755
2013-05-07,660
2013-05-06,641
2013-05-05,502
2013-05-04,509
2013-05-03,494
2013-05-02,534
2013-05-01,591
2013-04-30,549
2013-04-29,507
2013-04-28,317
2013-04-27,395
2013-04-26,484
2013-04-25,483
2013-04-24,596
2013-04-23,472
2013-04-22,453
2013-04-21,428
2013-04-20,526
2013-04-19,544
2013-04-18,539
2013-04-17,499
2013-04-16,496
2013-04-15,461
2013-04-14,360
2013-04-13,435
2013-04-12,470
2013-04-11,450
2013-04-10,457
2013-04-09,516
2013-04-08,421
2013-04-07,421
2013-04-06,376
2013-04-05,393
2013-04-04,461
2013-04-03,496
2013-04-02,408
2013-04-01,380
2013-03-31,369
2013-03-30,402
2013-03-29,377
2013-03-28,426
2013-03-27,452
2013-03-26,497
2013-03-25,556
2013-03-24,404
2013-03-23,490
2013-03-22,526
2013-03-21,460
2013-03-20,464
2013-03-19,407
2013-03-18,434
2013-03-17,304
2013-03-16,379
2013-03-15,460
2013-03-14,547
2013-03-13,514
2013-03-12,449
2013-03-11,369
2013-03-10,341
2013-03-09,356
2013-03-08,383
2013-03-07,412
2013-03-06,469
2013-03-05,419
2013-03-04,406
2013-03-03,269
2013-03-02,274
2013-03-01,436
2013-02-28,396
2013-02-27,418
2013-02-26,460
2013-02-25,426
2013-02-24,337
2013-02-23,327
2013-02-22,375
2013-02-21,496
2013-02-20,393
2013-02-19,423
2013-02-18,373
2013-02-17,277
2013-02-16,446
2013-02-15,573
2013-02-14,496
2013-02-13,484
2013-02-12,425
2013-02-11,459
2013-02-10,380
2013-02-09,332
2013-02-08,478
2013-02-07,484
2013-02-06,467
2013-02-05,366
2013-02-04,440
2013-02-03,377
2013-02-02,366
2013-02-01,375
2013-01-31,325
2013-01-30,397
2013-01-29,342
2013-01-28,391
2013-01-27,280
2013-01-26,308
2013-01-25,367
2013-01-24,430
2013-01-23,360
2013-01-22,473
2013-01-21,423
2013-01-20,331
2013-01-19,427
2013-01-18,440
2013-01-17,410
2013-01-16,386
2013-01-15,364
2013-01-14,267
2013-01-13,404
2013-01-12,321
2013-01-11,377
2013-01-10,406
2013-01-09,295
2013-01-08,408
2013-01-07,324
2013-01-06,276
2013-01-05,329
2013-01-04,333
2013-01-03,349
2013-01-02,283
2013-01-01,274
2012-12-31,310
2012-12-30,276
2012-12-29,246
2012-12-28,462
2012-12-27,264
2012-12-26,244
2012-12-25,285
2012-12-24,317
2012-12-23,285
2012-12-22,227
2012-12-21,355
2012-12-20,319
2012-12-19,317
2012-12-18,339
2012-12-17,339
2012-12-16,227
2012-12-15,242
2012-12-14,365
2012-12-13,404
2012-12-12,409
2012-12-11,421
2012-12-10,337
2012-12-09,315
2012-12-08,375
2012-12-07,463
2012-12-06,602
2012-12-05,347
2012-12-04,403
2012-12-03,460
2012-12-02,316
2012-12-01,294
2012-11-30,319
2012-11-29,409
2012-11-28,405
2012-11-27,407
2012-11-26,399
2012-11-25,454
2012-11-24,296
2012-11-23,312
2012-11-22,281
2012-11-21,397
2012-11-20,410
2012-11-19,288
2012-11-18,245
2012-11-17,269
2012-11-16,330
2012-11-15,500
2012-11-14,374
2012-11-13,343
2012-11-12,366
2012-11-11,247
2012-11-10,331
2012-11-09,449
2012-11-08,315
2012-11-07,576
2012-11-06,436
2012-11-05,331
2012-11-04,312
2012-11-03,227
2012-11-02,366
2012-11-01,284
2012-10-31,428
2012-10-30,368
2012-10-29,330
2012-10-28,232
2012-10-27,300
2012-10-26,378
2012-10-25,398
2012-10-24,350
2012-10-23,428
2012-10-22,313
2012-10-21,258
2012-10-20,257
2012-10-19,591
2012-10-18,410
2012-10-17,448
2012-10-16,391
2012-10-15,379
2012-10-14,305
2012-10-13,292
2012-10-12,423
2012-10-11,362
2012-10-10,444
2012-10-09,392
2012-10-08,393
2012-10-07,345
2012-10-06,340
2012-10-05,397
2012-10-04,428
2012-10-03,362
2012-10-02,415
2012-10-01,297
2012-09-30,262
2012-09-29,309
2012-09-28,417
2012-09-27,417
2012-09-26,438
2012-09-25,430
2012-09-24,310
2012-09-23,256
2012-09-22,292
2012-09-21,297
2012-09-20,324
2012-09-19,358
2012-09-18,381
2012-09-17,311
2012-09-16,236
2012-09-15,262
2012-09-14,318
2012-09-13,264
2012-09-12,284
2012-09-11,307
2012-09-10,381
2012-09-09,279
2012-09-08,263
2012-09-07,295
2012-09-06,357
2012-09-05,340
2012-09-04,263
2012-09-03,241
2012-09-02,206
2012-09-01,258
2012-08-31,311
2012-08-30,305
2012-08-29,264
2012-08-28,319
2012-08-27,288
2012-08-26,235
2012-08-25,280
2012-08-24,290
2012-08-23,229
2012-08-22,261
2012-08-21,271
2012-08-20,270
2012-08-19,176
2012-08-18,198
2012-08-17,276
2012-08-16,253
2012-08-15,274
2012-08-14,278
2012-08-13,265
2012-08-12,264
2012-08-11,205
2012-08-10,377
2012-08-09,289
2012-08-08,239
2012-08-07,253
2012-08-06,289
2012-08-05,260
2012-08-04,366
2012-08-03,346
2012-08-02,288
2012-08-01,232
2012-07-31,250
2012-07-30,300
2012-07-29,223
2012-07-28,235
2012-07-27,275
2012-07-26,231
2012-07-25,264
2012-07-24,319
2012-07-23,337
2012-07-22,216
2012-07-21,225
2012-07-20,270
2012-07-19,321
2012-07-18,262
2012-07-17,298
2012-07-16,333
2012-07-15,195
2012-07-14,184
2012-07-13,273
2012-07-12,306
2012-07-11,394
2012-07-10,400
2012-07-09,320
2012-07-08,202
2012-07-07,247
2012-07-06,252
2012-07-05,272
2012-07-04,305
2012-07-03,352
2012-07-02,312
2012-07-01,264
2012-06-30,386
2012-06-29,313
2012-06-28,396
2012-06-27,387
2012-06-26,286
2012-06-25,467
2012-06-24,195
2012-06-23,194
2012-06-22,296
2012-06-21,302
2012-06-20,344
2012-06-19,317
2012-06-18,264
2012-06-17,180
2012-06-16,218
2012-06-15,342
2012-06-14,258
2012-06-13,360
2012-06-12,339
2012-06-11,314
2012-06-10,242
2012-06-09,297
2012-06-08,412
2012-06-07,408
2012-06-06,407
2012-06-05,325
2012-06-04,277
2012-06-03,161
2012-06-02,207
2012-06-01,240
2012-05-31,273
2012-05-30,304
2012-05-29,291
2012-05-28,245
2012-05-27,208
2012-05-26,237
2012-05-25,253
2012-05-24,340
2012-05-23,290
2012-05-22,312
2012-05-21,262
2012-05-20,230
2012-05-19,194
2012-05-18,204
2012-05-17,254
2012-05-16,266
2012-05-15,255
2012-05-14,264
2012-05-13,151
2012-05-12,158
2012-05-11,207
2012-05-10,195
2012-05-09,179
2012-05-08,242
2012-05-07,200
2012-05-06,207
2012-05-05,257
2012-05-04,207
2012-05-03,250
2012-05-02,233
2012-05-01,192
2012-04-30,240
2012-04-29,153
2012-04-28,152
2012-04-27,237
2012-04-26,252
2012-04-25,257
2012-04-24,225
2012-04-23,205
2012-04-22,214
2012-04-21,184
2012-04-20,273
2012-04-19,287
2012-04-18,252
2012-04-17,201
2012-04-16,285
2012-04-15,216
2012-04-14,186
2012-04-13,294
2012-04-12,364
2012-04-11,238
2012-04-10,202
2012-04-09,291
2012-04-08,197
2012-04-07,156
2012-04-06,215
2012-04-05,351
2012-04-04,358
2012-04-03,290
2012-04-02,258
2012-04-01,226
2012-03-31,194
2012-03-30,268
2012-03-29,246
2012-03-28,247
2012-03-27,413
2012-03-26,213
2012-03-25,130
2012-03-24,159
2012-03-23,207
2012-03-22,251
2012-03-21,251
2012-03-20,253
2012-03-19,190
2012-03-18,128
2012-03-17,177
2012-03-16,170
2012-03-15,428
2012-03-14,188
2012-03-13,183
2012-03-12,178
2012-03-11,172
2012-03-10,219
2012-03-09,254
2012-03-08,217
2012-03-07,249
2012-03-06,201
2012-03-05,260
2012-03-04,212
2012-03-03,228
2012-03-02,308
2012-03-01,231
2012-02-29,190
2012-02-28,218
2012-02-27,196
2012-02-26,187
2012-02-25,176
2012-02-24,320
2012-02-23,264
2012-02-22,208
2012-02-21,181
2012-02-20,176
2012-02-19,183
2012-02-18,230
2012-02-17,196
2012-02-16,146
2012-02-15,170
2012-02-14,225
2012-02-13,273
2012-02-12,206
2012-02-11,187
2012-02-10,193
2012-02-09,195
2012-02-08,176
2012-02-07,199
2012-02-06,181
2012-02-05,157
2012-02-04,141
2012-02-03,226
2012-02-02,191
2012-02-01,162
2012-01-31,169
2012-01-30,187
2012-01-29,124
2012-01-28,187
2012-01-27,193
2012-01-26,205
2012-01-25,215
2012-01-24,230
2012-01-23,169
2012-01-22,154
2012-01-21,116
2012-01-20,197
2012-01-19,304
2012-01-18,214
2012-01-17,270
2012-01-16,293
2012-01-15,193
2012-01-14,128
2012-01-13,193
2012-01-12,227
2012-01-11,240
2012-01-10,186
2012-01-09,163
2012-01-08,202
2012-01-07,262
2012-01-06,207
2012-01-05,195
2012-01-04,177
2012-01-03,116
2012-01-02,139
2012-01-01,106
2011-12-31,124
2011-12-30,155
2011-12-29,196
2011-12-28,190
2011-12-27,145
2011-12-26,98
2011-12-25,94
2011-12-24,134
2011-12-23,142
2011-12-22,133
2011-12-21,156
2011-12-20,193
2011-12-19,171
2011-12-18,112
2011-12-17,155
2011-12-16,159
2011-12-15,225
2011-12-14,177
2011-12-13,212
2011-12-12,228
2011-12-11,183
2011-12-10,234
2011-12-09,214
2011-12-08,193
2011-12-07,205
2011-12-06,196
2011-12-05,221
2011-12-04,146
2011-12-03,111
2011-12-02,159
2011-12-01,305
2011-11-30,219
2011-11-29,128
2011-11-28,185
2011-11-27,256
2011-11-26,100
2011-11-25,107
2011-11-24,131
2011-11-23,153
2011-11-22,129
2011-11-21,141
2011-11-20,146
2011-11-19,146
2011-11-18,160
2011-11-17,194
2011-11-16,178
2011-11-15,151
2011-11-14,151
2011-11-13,150
2011-11-12,97
2011-11-11,187
2011-11-10,142
2011-11-09,160
2011-11-08,151
2011-11-07,134
2011-11-06,97
2011-11-05,112
2011-11-04,151
2011-11-03,245
2011-11-02,216
2011-11-01,133
2011-10-31,139
2011-10-30,81
2011-10-29,88
2011-10-28,156
2011-10-27,180
2011-10-26,149
2011-10-25,183
2011-10-24,161
2011-10-23,165
2011-10-22,222
2011-10-21,163
2011-10-20,178
2011-10-19,142
2011-10-18,167
2011-10-17,201
2011-10-16,118
2011-10-15,101
2011-10-14,134
2011-10-13,177
2011-10-12,156
2011-10-11,118
2011-10-10,124
2011-10-09,108
2011-10-08,78
2011-10-07,139
2011-10-06,191
2011-10-05,222
2011-10-04,287
2011-10-03,131
2011-10-02,123
2011-10-01,74
2011-09-30,129
2011-09-29,139
2011-09-28,152
2011-09-27,119
2011-09-26,113
2011-09-25,72
2011-09-24,79
2011-09-23,154
2011-09-22,173
2011-09-21,131
2011-09-20,149
2011-09-19,117
2011-09-18,151
2011-09-17,93
2011-09-16,182
2011-09-15,138
2011-09-14,160
2011-09-13,158
2011-09-12,111
2011-09-11,51
2011-09-10,70
2011-09-09,108
2011-09-08,110
2011-09-07,83
2011-09-06,158
2011-09-05,138
2011-09-04,133
2011-09-03,80
2011-09-02,109
2011-09-01,85
2011-08-31,131
2011-08-30,98
2011-08-29,121
2011-08-28,109
2011-08-27,148
2011-08-26,126
2011-08-25,134
2011-08-24,141
2011-08-23,198
2011-08-22,141
2011-08-21,75
2011-08-20,138
2011-08-19,120
2011-08-18,121
2011-08-17,98
2011-08-16,145
2011-08-15,94
2011-08-14,125
2011-08-13,66
2011-08-12,96
2011-08-11,131
2011-08-10,143
2011-08-09,96
2011-08-08,141
2011-08-07,79
2011-08-06,99
2011-08-05,171
2011-08-04,195
2011-08-03,315
2011-08-02,232
2011-08-01,138
2011-07-31,135
2011-07-30,111
2011-07-29,131
2011-07-28,142
2011-07-27,117
2011-07-26,156
2011-07-25,163
2011-07-24,96
2011-07-23,110
2011-07-22,107
2011-07-21,167
2011-07-20,148
2011-07-19,166
2011-07-18,155
2011-07-17,158
2011-07-16,149
2011-07-15,123
2011-07-14,134
2011-07-13,190
2011-07-12,214
2011-07-11,136
2011-07-10,115
2011-07-09,100
2011-07-08,93
2011-07-07,136
2011-07-06,155
2011-07-05,197
2011-07-04,102
2011-07-03,68
2011-07-02,63
2011-07-01,130
2011-06-30,122
2011-06-29,93
2011-06-28,92
2011-06-27,65
2011-06-26,51
2011-06-25,77
2011-06-24,90
2011-06-23,117
2011-06-22,98
2011-06-21,85
2011-06-20,103
2011-06-19,100
2011-06-18,68
2011-06-17,94
2011-06-16,94
2011-06-15,84
2011-06-14,109
2011-06-13,80
2011-06-12,37
2011-06-11,70
2011-06-10,79
2011-06-09,91
2011-06-08,108
2011-06-07,182
2011-06-06,170
2011-06-05,45
2011-06-04,46
2011-06-03,91
2011-06-02,158
2011-06-01,124
2011-05-31,105
2011-05-30,64
2011-05-29,76
2011-05-28,87
2011-05-27,113
2011-05-26,141
2011-05-25,197
2011-05-24,168
2011-05-23,97
2011-05-22,59
2011-05-21,33
2011-05-20,115
2011-05-19,178
2011-05-18,138
2011-05-17,95
2011-05-16,89
2011-05-15,67
2011-05-14,108
2011-05-13,90
2011-05-12,90
2011-05-11,91
2011-05-10,93
2011-05-09,107
2011-05-08,52
2011-05-07,81
2011-05-06,164
2011-05-05,103
2011-05-04,104
2011-05-03,117
2011-05-02,73
2011-05-01,66
2011-04-30,69
2011-04-29,105
2011-04-28,138
2011-04-27,119
2011-04-26,86
2011-04-25,87
2011-04-24,65
2011-04-23,132
2011-04-22,79
2011-04-21,447
2011-04-20,129
2011-04-19,121
2011-04-18,93
2011-04-17,57
2011-04-16,72
2011-04-15,124
2011-04-14,207
2011-04-13,142
2011-04-12,191
2011-04-11,132
2011-04-10,120
2011-04-09,93
2011-04-08,114
2011-04-07,139
2011-04-06,134
2011-04-05,156
2011-04-04,137
2011-04-03,89
2011-04-02,89
2011-04-01,255
2011-03-31,160
2011-03-30,137
2011-03-29,116
2011-03-28,108
2011-03-27,65
2011-03-26,103
2011-03-25,126
2011-03-24,135
2011-03-23,109
2011-03-22,262
2011-03-21,102
2011-03-20,71
2011-03-19,78
2011-03-18,141
2011-03-17,124
2011-03-16,123
2011-03-15,116
2011-03-14,154
2011-03-13,56
2011-03-12,80
2011-03-11,164
2011-03-10,128
2011-03-09,121
2011-03-08,188
2011-03-07,98
2011-03-06,73
2011-03-05,65
2011-03-04,94
2011-03-03,148
2011-03-02,148
2011-03-01,134
2011-02-28,134
2011-02-27,109
2011-02-26,111
2011-02-25,106
2011-02-24,124
2011-02-23,157
2011-02-22,156
2011-02-21,167
2011-02-20,125
2011-02-19,106
2011-02-18,147
2011-02-17,106
2011-02-16,114
2011-02-15,70
2011-02-14,76
2011-02-13,53
2011-02-12,39
2011-02-11,67
2011-02-10,73
2011-02-09,70
2011-02-08,76
2011-02-07,72
2011-02-06,48
2011-02-05,36
2011-02-04,51
2011-02-03,57
2011-02-02,87
2011-02-01,56
2011-01-31,55
2011-01-30,65
2011-01-29,86
2011-01-28,85
2011-01-27,107
2011-01-26,89
2011-01-25,78
2011-01-24,65
2011-01-23,63
2011-01-22,60
2011-01-21,62
2011-01-20,68
2011-01-19,60
2011-01-18,75
2011-01-17,75
2011-01-16,42
2011-01-15,235
2011-01-14,59
2011-01-13,45
2011-01-12,63
2011-01-11,99
2011-01-10,85
2011-01-09,68
2011-01-08,49
2011-01-07,64
2011-01-06,47
2011-01-05,91
2011-01-04,53
2011-01-03,83
2011-01-02,36
2011-01-01,36
2010-12-31,47
2010-12-30,32
2010-12-29,60
2010-12-28,51
2010-12-27,43
2010-12-26,34
2010-12-25,57
2010-12-24,43
2010-12-23,76
2010-12-22,33
2010-12-21,60
2010-12-20,63
2010-12-19,24
2010-12-18,49
2010-12-17,55
2010-12-16,273
2010-12-15,67
2010-12-14,77
2010-12-13,44
2010-12-12,65
2010-12-11,40
2010-12-10,57
2010-12-09,147
2010-12-08,132
2010-12-07,60
2010-12-06,99
2010-12-05,44
2010-12-04,88
2010-12-03,81
2010-12-02,46
2010-12-01,66
2010-11-30,62
2010-11-29,55
2010-11-28,53
2010-11-27,35
2010-11-26,35
2010-11-25,45
2010-11-24,69
2010-11-23,71
2010-11-22,77
2010-11-21,36
2010-11-20,42
2010-11-19,52
2010-11-18,75
2010-11-17,90
2010-11-16,91
2010-11-15,55
2010-11-14,66
2010-11-13,73
2010-11-12,70
2010-11-11,74
2010-11-10,99
2010-11-09,80
2010-11-08,197
2010-11-07,196
2010-11-06,156
2010-11-05,117
2010-11-04,53
2010-11-03,28
2010-11-02,58
2010-11-01,68
2010-10-31,21
2010-10-30,34
2010-10-29,51
2010-10-28,39
2010-10-27,49
2010-10-26,57
2010-10-25,77
2010-10-24,60
2010-10-23,45
2010-10-22,67
2010-10-21,87
2010-10-20,69
2010-10-19,65
2010-10-18,70
2010-10-17,38
2010-10-16,19
2010-10-15,38
2010-10-14,78
2010-10-13,80
2010-10-12,80
2010-10-11,58
2010-10-10,58
2010-10-09,35
2010-10-08,68
2010-10-07,76
2010-10-06,80
2010-10-05,76
2010-10-04,76
2010-10-03,34
2010-10-02,26
2010-10-01,69
2010-09-30,58
2010-09-29,98
2010-09-28,112
2010-09-27,77
2010-09-26,36
2010-09-25,73
2010-09-24,39
2010-09-23,83
2010-09-22,97
2010-09-21,147
2010-09-20,178
2010-09-19,37
2010-09-18,30
2010-09-17,57
2010-09-16,50
2010-09-15,41
2010-09-14,66
2010-09-13,61
2010-09-12,54
2010-09-11,39
2010-09-10,104
2010-09-09,63
2010-09-08,87
2010-09-07,81
2010-09-06,32
2010-09-05,35
2010-09-04,64
2010-09-03,45
2010-09-02,90
2010-09-01,110
2010-08-31,130
2010-08-30,90
2010-08-29,68
2010-08-28,97
2010-08-27,158
2010-08-26,116
2010-08-25,116
2010-08-24,144
2010-08-23,105
2010-08-22,84
2010-08-21,74
2010-08-20,116
2010-08-19,146
2010-08-18,123
2010-08-17,72
2010-08-16,79
2010-08-15,56
2010-08-14,60
2010-08-13,73
2010-08-12,57
2010-08-11,57
2010-08-10,42
2010-08-09,55
2010-08-08,36
2010-08-07,71
2010-08-06,117
2010-08-05,84
2010-08-04,64
2010-08-03,74
2010-08-02,130
2010-08-01,72
2010-07-31,44
2010-07-30,68
2010-07-29,71
2010-07-28,128
2010-07-27,75
2010-07-26,71
2010-07-25,49
2010-07-24,77
2010-07-23,99
2010-07-22,78
2010-07-21,70
2010-07-20,83
2010-07-19,75
2010-07-18,56
2010-07-17,62
2010-07-16,77
2010-07-15,83
2010-07-14,54
2010-07-13,61
2010-07-12,51
2010-07-11,98
2010-07-10,65
2010-07-09,97
2010-07-08,55
2010-07-07,63
2010-07-06,88
2010-07-05,54
2010-07-04,25
2010-07-03,81
2010-07-02,86
2010-07-01,130
2010-06-30,122
2010-06-29,105
2010-06-28,92
2010-06-27,81
2010-06-26,69
2010-06-25,104
2010-06-24,77
2010-06-23,71
2010-06-22,82
2010-06-21,65
2010-06-20,49
2010-06-19,31
2010-06-18,107
2010-06-17,94
2010-06-16,82
2010-06-15,85
2010-06-14,102
2010-06-13,92
2010-06-12,55
2010-06-11,86
2010-06-10,95
2010-06-09,83
2010-06-08,94
2010-06-07,104
2010-06-06,56
2010-06-05,34
2010-06-04,91
2010-06-03,104
2010-06-02,187
2010-06-01,135
2010-05-31,97
2010-05-30,18
2010-05-29,44
2010-05-28,66
2010-05-27,75
2010-05-26,83
2010-05-25,88
2010-05-24,87
2010-05-23,70
2010-05-22,49
2010-05-21,67
2010-05-20,73
2010-05-19,92
2010-05-18,80
2010-05-17,123
2010-05-16,40
2010-05-15,46
2010-05-14,176
2010-05-13,58
2010-05-12,45
2010-05-11,56
2010-05-10,51
2010-05-09,29
2010-05-08,24
2010-05-07,47
2010-05-06,60
2010-05-05,60
2010-05-04,42
2010-05-03,40
2010-05-02,41
2010-05-01,28
2010-04-30,83
2010-04-29,79
2010-04-28,70
2010-04-27,81
2010-04-26,100
2010-04-25,72
2010-04-24,50
2010-04-23,63
2010-04-22,59
2010-04-21,76
2010-04-20,50
2010-04-19,93
2010-04-18,38
2010-04-17,30
2010-04-16,46
2010-04-15,68
2010-04-14,64
2010-04-13,53
2010-04-12,52
2010-04-11,51
2010-04-10,35
2010-04-09,60
2010-04-08,43
2010-04-07,59
2010-04-06,76
2010-04-05,73
2010-04-04,89
2010-04-03,56
2010-04-02,90
2010-04-01,56
2010-03-31,71
2010-03-30,154
2010-03-29,175
2010-03-28,25
2010-03-27,50
2010-03-26,43
2010-03-25,49
2010-03-24,52
2010-03-23,42
2010-03-22,53
2010-03-21,58
2010-03-20,49
2010-03-19,73
2010-03-18,80
2010-03-17,49
2010-03-16,54
2010-03-15,72
2010-03-14,64
2010-03-13,58
2010-03-12,93
2010-03-11,63
2010-03-10,73
2010-03-09,95
2010-03-08,83
2010-03-07,73
2010-03-06,46
2010-03-05,49
2010-03-04,61
2010-03-03,65
2010-03-02,81
2010-03-01,66
2010-02-28,39
2010-02-27,90
2010-02-26,63
2010-02-25,99
2010-02-24,95
2010-02-23,92
2010-02-22,65
2010-02-21,46
2010-02-20,156
2010-02-19,66
2010-02-18,63
2010-02-17,52
2010-02-16,55
2010-02-15,44
2010-02-14,43
2010-02-13,17
2010-02-12,78
2010-02-11,79
2010-02-10,47
2010-02-09,50
2010-02-08,65
2010-02-07,29
2010-02-06,34
2010-02-05,43
2010-02-04,69
2010-02-03,55
2010-02-02,104
2010-02-01,88
2010-01-31,69
2010-01-30,68
2010-01-29,73
2010-01-28,83
2010-01-27,107
2010-01-26,79
2010-01-25,98
2010-01-24,29
2010-01-23,39
2010-01-22,62
2010-01-21,63
2010-01-20,83
2010-01-19,106
2010-01-18,91
2010-01-17,54
2010-01-16,48
2010-01-15,63
2010-01-14,80
2010-01-13,60
2010-01-12,97
2010-01-11,67
2010-01-10,67
2010-01-09,61
2010-01-08,68
2010-01-07,74
2010-01-06,66
2010-01-05,53
2010-01-04,77
2010-01-03,35
2010-01-02,62
2010-01-01,47
2009-12-31,51
2009-12-30,57
2009-12-29,68
2009-12-28,26
2009-12-27,26
2009-12-26,18
2009-12-25,26
2009-12-24,26
2009-12-23,66
2009-12-22,46
2009-12-21,59
2009-12-20,43
2009-12-19,68
2009-12-18,71
2009-12-17,57
2009-12-16,61
2009-12-15,146
2009-12-14,51
2009-12-13,37
2009-12-12,49
2009-12-11,62
2009-12-10,49
2009-12-09,71
2009-12-08,218
2009-12-07,65
2009-12-06,79
2009-12-05,109
2009-12-04,56
2009-12-03,38
2009-12-02,36
2009-12-01,55
2009-11-30,41
2009-11-29,53
2009-11-28,42
2009-11-27,75
2009-11-26,45
2009-11-25,95
2009-11-24,58
2009-11-23,68
2009-11-22,45
2009-11-21,32
2009-11-20,54
2009-11-19,44
2009-11-18,42
2009-11-17,45
2009-11-16,41
2009-11-15,44
2009-11-14,71
2009-11-13,40
2009-11-12,41
2009-11-11,91
2009-11-10,59
2009-11-09,84
2009-11-08,54
2009-11-07,39
2009-11-06,74
2009-11-05,56
2009-11-04,47
2009-11-03,66
2009-11-02,102
2009-11-01,14
2009-10-31,48
2009-10-30,76
2009-10-29,77
2009-10-28,66
2009-10-27,66
2009-10-26,56
2009-10-25,29
2009-10-24,42
2009-10-23,71
2009-10-22,76
2009-10-21,51
2009-10-20,40
2009-10-19,28
2009-10-18,23
2009-10-17,17
2009-10-16,42
2009-10-15,46
2009-10-14,46
2009-10-13,59
2009-10-12,98
2009-10-11,42
2009-10-10,122
2009-10-09,68
2009-10-08,82
2009-10-07,96
2009-10-06,71
2009-10-05,71
2009-10-04,61
2009-10-03,51
2009-10-02,84
2009-10-01,75
2009-09-30,62
2009-09-29,65
2009-09-28,72
2009-09-27,249
2009-09-26,51
2009-09-25,83
2009-09-24,151
2009-09-23,189
2009-09-22,59
2009-09-21,86
2009-09-20,42
2009-09-19,49
2009-09-18,69
2009-09-17,67
2009-09-16,49
2009-09-15,65
2009-09-14,73
2009-09-13,32
2009-09-12,69
2009-09-11,71
2009-09-10,63
2009-09-09,53
2009-09-08,69
2009-09-07,52
2009-09-06,37
2009-09-05,48
2009-09-04,52
2009-09-03,55
2009-09-02,69
2009-09-01,86
2009-08-31,63
2009-08-30,52
2009-08-29,78
2009-08-28,102
2009-08-27,93
2009-08-26,91
2009-08-25,70
2009-08-24,49
2009-08-23,44
2009-08-22,42
2009-08-21,64
2009-08-20,60
2009-08-19,53
2009-08-18,70
2009-08-17,31
2009-08-16,23
2009-08-15,18
2009-08-14,53
2009-08-13,56
2009-08-12,44
2009-08-11,59
2009-08-10,54
2009-08-09,30
2009-08-08,26
2009-08-07,68
2009-08-06,45
2009-08-05,48
2009-08-04,56
2009-08-03,73
2009-08-02,53
2009-08-01,81
2009-07-31,83
2009-07-30,102
2009-07-29,130
2009-07-28,126
2009-07-27,69
2009-07-26,41
2009-07-25,50
2009-07-24,74
2009-07-23,65
2009-07-22,95
2009-07-21,121
2009-07-20,41
2009-07-19,43
2009-07-18,52
2009-07-17,58
2009-07-16,86
2009-07-15,54
2009-07-14,112
2009-07-13,82
2009-07-12,30
2009-07-11,51
2009-07-10,63
2009-07-09,86
2009-07-08,66
2009-07-07,60
2009-07-06,49
2009-07-05,34
2009-07-04,25
2009-07-03,67
2009-07-02,75
2009-07-01,87
2009-06-30,119
2009-06-29,110
2009-06-28,66
2009-06-27,59
2009-06-26,79
2009-06-25,95
2009-06-24,99
2009-06-23,102
2009-06-22,113
2009-06-21,48
2009-06-20,80
2009-06-19,96
2009-06-18,78
2009-06-17,91
2009-06-16,102
2009-06-15,80
2009-06-14,58
2009-06-13,53
2009-06-12,99
2009-06-11,42
2009-06-10,38
2009-06-09,40
2009-06-08,40
2009-06-07,29
2009-06-06,21
2009-06-05,43
2009-06-04,47
2009-06-03,30
2009-06-02,55
2009-06-01,47
2009-05-31,28
2009-05-30,26
2009-05-29,16
2009-05-28,40
2009-05-27,32
2009-05-26,29
2009-05-25,46
2009-05-24,31
2009-05-23,21
2009-05-22,38
2009-05-21,24
2009-05-20,57
2009-05-19,51
2009-05-18,27
2009-05-17,31
2009-05-16,26
2009-05-15,34
2009-05-14,26
2009-05-13,33
2009-05-12,69
2009-05-11,87
2009-05-10,25
2009-05-09,24
2009-05-08,33
2009-05-07,45
2009-05-06,58
2009-05-05,56
2009-05-04,57
2009-05-03,26
2009-05-02,23
2009-05-01,31
2009-04-30,24
2009-04-29,40
2009-04-28,44
2009-04-27,42
2009-04-26,64
2009-04-25,35
2009-04-24,14
2009-04-23,21
2009-04-22,12
2009-04-21,19
2009-04-20,21
2009-04-19,20
2009-04-18,18
2009-04-17,30
2009-04-16,35
2009-04-15,25
2009-04-14,32
2009-04-13,36
2009-04-12,11
2009-04-11,12
2009-04-10,19
2009-04-09,5
2009-04-08,25
2009-04-07,13
2009-04-06,27
2009-04-05,12
2009-04-04,25
2009-04-03,5
2009-04-02,4
2009-04-01,18
2009-03-31,14
2009-03-30,22
2009-03-29,4
2009-03-28,11
2009-03-27,29
2009-03-26,21
2009-03-25,62
2009-03-24,49
2009-03-23,43
2009-03-22,22
2009-03-21,28
2009-03-20,58
2009-03-19,14
2009-03-18,14
2009-03-17,11
2009-03-16,8
2009-03-15,11
2009-03-14,8
2009-03-13,14
2009-03-12,7
2009-03-11,6
2009-03-10,7
2009-03-09,9
2009-03-08,11
2009-03-07,25
2009-03-06,31
2009-03-05,27
2009-03-04,11
2009-03-03,3
2009-03-02,7
2009-02-27,8
2009-02-26,5
2009-02-25,6
2009-02-24,2
2009-02-23,20
2009-02-22,7
2009-02-21,30
2009-02-20,21
2009-02-19,28
2009-02-18,22
2009-02-17,2
2009-02-16,6
2009-02-15,2
2009-02-14,15
2009-02-13,3
2009-02-12,14
2009-02-11,12
2009-02-10,5
2009-02-08,1
2009-02-07,8
2009-02-06,9
2009-02-04,12
2009-02-03,6
2009-02-02,3
2009-02-01,4
2009-01-31,1
2009-01-29,9
2009-01-28,14
2009-01-27,20
2009-01-26,14
2009-01-25,2
2009-01-24,9
2009-01-23,9
2009-01-22,25
2009-01-21,11
2009-01-20,27
2009-01-19,17
2009-01-18,7
2009-01-17,1
2009-01-16,12
2009-01-15,9
2009-01-14,1
2009-01-13,6
2009-01-12,2
2009-01-10,3
2009-01-09,3
2009-01-08,3
2009-01-07,1
2009-01-06,2
2009-01-05,1
2009-01-04,2
2009-01-03,3
2009-01-02,4
2009-01-01,2
2008-12-31,7
2008-12-30,8
2008-12-29,12
2008-12-28,1
2008-12-27,3
2008-12-24,1
2008-12-23,4
2008-12-22,1
2008-12-21,11
2008-12-19,3
2008-12-18,8
2008-12-17,9
2008-12-16,11
2008-12-15,5
2008-12-14,3
2008-12-13,4
2008-12-12,1
2008-12-11,8
2008-12-10,7
2008-12-09,7
2008-12-08,8
2008-12-07,7
2008-12-06,8
2008-12-05,10
2008-12-04,9
2008-12-03,12
2008-12-02,6
2008-12-01,5
2008-11-30,4
2008-11-29,3
2008-11-28,3
2008-11-27,5
2008-11-26,6
2008-11-25,4
2008-11-24,4
2008-11-23,2
2008-11-22,7
2008-11-21,7
2008-11-20,7
2008-11-19,4
2008-11-18,4
2008-11-17,1
2008-11-16,2
2008-11-15,3
2008-11-14,2
2008-11-13,7
2008-11-12,7
2008-11-11,2
2008-11-10,1
2008-11-09,1
2008-11-08,1
2008-11-07,13
2008-11-06,6
2008-11-05,2
2008-11-04,1
2008-11-03,82
2008-11-02,8
2008-11-01,17
2008-10-31,74
2008-10-30,51
2008-10-29,20
2008-10-28,2
2008-10-27,1
2008-10-26,3
2008-10-24,4
2008-10-23,1
2008-10-22,1
2008-10-21,1
2008-10-20,2
2008-10-18,2
2008-10-17,2
2008-10-16,1
2008-10-15,2
2008-10-14,2
2008-10-13,1
2008-10-12,1
2008-10-11,3
2008-10-10,3
2008-10-08,3
2008-10-07,5
2008-10-06,3
2008-10-04,1
2008-10-03,2
2008-10-02,5
2008-10-01,5
2008-09-30,10
2008-09-29,11
2008-09-28,3
2008-09-27,1
2008-09-26,2
2008-09-25,2
2008-09-23,26
2008-09-22,3
2008-09-21,1
2008-09-20,1
2008-09-19,2
2008-09-17,7
2008-09-16,1
2008-09-15,4
2008-09-14,3
2008-09-13,1
2008-09-12,5
2008-09-11,4
2008-09-10,4
2008-09-08,1
2008-09-06,1
2008-09-05,1
2008-09-04,4
2008-09-03,2
2008-09-02,3
2008-09-01,3
2008-08-31,5
2008-08-30,1
2008-08-28,1
2008-08-27,2
2008-08-25,1
2008-08-23,1
2008-08-19,3
2008-08-18,1
2008-08-15,1
2008-08-14,3
2008-08-13,1
2008-08-12,2
2008-08-11,4
2008-08-10,1
2008-08-09,1
2008-08-07,1
2008-08-06,1
2008-08-04,1
2008-08-03,2
2008-07-30,3
2008-07-29,1
2008-07-28,3
2008-07-27,1
2008-07-25,1
2008-07-22,3
2008-07-21,2
2008-07-18,2
2008-07-17,1
2008-07-14,1
2008-07-11,1
2008-07-08,1
2008-06-25,1
2008-06-19,1
2008-06-17,1
2008-06-16,1
2008-06-15,1
2008-06-10,1
2008-06-06,1
2008-06-04,1
2008-06-03,3
2008-06-02,2
2008-06-01,2
2008-05-29,2
2008-05-28,6
2008-05-27,2
2008-05-26,1
2008-05-23,2
2008-05-22,3
2008-05-21,4
2008-05-20,5
2008-05-19,5
2008-05-18,5
2008-05-17,4
2008-05-16,10
2008-05-15,3
2008-05-14,2
2008-05-13,2
2008-05-12,3
2008-05-11,2
2008-05-10,3
2008-05-09,3
2008-05-08,3
2008-05-07,6
2008-05-06,2
2008-05-05,6
2008-05-04,3
2008-05-03,4
2008-05-02,6
2008-05-01,11
2008-04-30,2
2008-04-29,2
2008-04-28,3
2008-04-27,3
2008-04-26,3
2008-04-25,3
2008-04-24,2
2008-04-23,2
2008-04-22,3
2008-04-21,2
2008-04-20,4
2008-04-19,2
2008-04-18,3
2008-04-17,2
2008-04-16,2
2008-04-15,2
2008-04-14,10
2008-04-13,2
2008-04-12,2
2008-04-11,3
2008-04-10,3
2008-04-09,2
2008-04-08,3
2008-04-07,3
2008-04-06,2
2008-04-05,2
2008-04-04,2
2008-04-03,4
2008-04-02,2
2008-04-01,5
2008-03-31,5
2008-03-30,3
2008-03-29,2
2008-03-28,2
2008-03-27,2
2008-03-26,2
2008-03-25,4
2008-03-24,3
2008-03-23,2
2008-03-22,2
2008-03-21,2
2008-03-20,2
2008-03-19,2
2008-03-18,2
2008-03-17,2
2008-03-16,2
2008-03-15,2
2008-03-14,2
2008-03-13,3
2008-03-12,3
2008-03-11,2
2008-03-10,2
2008-03-09,2
2008-03-08,2
2008-03-07,2
2008-03-06,2
2008-03-05,1
2008-03-04,2
2008-03-03,2
2008-03-02,3
2008-03-01,2
2008-02-29,2
2008-02-28,2
2008-02-27,2
2008-02-26,2
2008-02-25,3
2008-02-24,2
2008-02-23,2
2008-02-22,2
2008-02-21,2
2008-02-20,2
2008-02-19,2
2008-02-18,2
2008-02-17,1
2008-02-14,1
2008-02-10,1
2008-02-03,2
2008-02-02,2
2008-01-30,1
2008-01-28,1
2008-01-27,2
2008-01-26,1
2008-01-24,3
2008-01-23,2
2008-01-17,1
2008-01-14,2
2008-01-02,1
2007-12-23,1
2007-12-20,1
2007-12-06,1
2007-11-10,1
2007-11-09,2
2007-11-07,1
2007-10-19,1
2007-10-17,1
2007-10-11,1
2007-10-08,1
2007-10-07,1
2007-10-05,1
2007-10-01,2
2007-09-29,1
2007-09-28,1
2007-09-20,1
2007-09-19,1
2007-09-18,1
2007-09-15,3
2007-09-11,1
2007-09-10,2
2007-09-09,2
2007-09-08,3
2007-09-06,1
2007-09-05,3
2007-08-24,1
2007-06-20,2
2007-06-15,2
2007-06-14,1
2007-06-13,4
2007-06-12,8
2007-05-12,2
