,id,screen_name,lang,created_at,time_zone,followers_count,friends_count,statuses_count
36,2787054170,StudentsinHG,en,Wed Sep 03 01:08:11 +0000 2014,,50,81,102
111,2739664770,DvrQueen1,en,Sun Aug 17 13:19:03 +0000 2014,,43,137,22
423,4214489698,beau_black,en,Wed Nov 18 01:56:21 +0000 2015,,98,471,10
553,737668819,cannamedgardens,en,Sun Aug 05 00:16:05 +0000 2012,Pacific Time (US & Canada),23933,5772,2108
554,4211191512,2966684930Jack,en,Thu Nov 12 10:09:06 +0000 2015,Pacific Time (US & Canada),51,240,13
595,270297403,2yuuuchaaan2,en,Tue Mar 22 10:52:32 +0000 2011,,517,406,4295
669,1552126188,AliciaP17241977,en,Fri Jun 28 04:00:35 +0000 2013,,456,1850,5321
927,19441262,WhosSayingThis,en,Sat Jan 24 10:40:27 +0000 2009,Central Time (US & Canada),633,236,2372
1033,919881014,_kwolfe22,en,Thu Nov 01 21:30:31 +0000 2012,Eastern Time (US & Canada),266,429,308
1051,462251110,PatriotIndiana,en,Thu Jan 12 18:57:34 +0000 2012,Eastern Time (US & Canada),1466,3489,98531
1053,2438413686,_SAjIDMiR,en,Fri Apr 11 12:20:22 +0000 2014,Pacific Time (US & Canada),35,197,65
1074,451436778,GollopGuern,en,Sat Dec 31 12:59:04 +0000 2011,,3308,3892,18427
1090,2733001963,Sahil_Bhat_KR,en,Thu Aug 14 21:59:09 +0000 2014,New Delhi,270,1950,269
1424,1706456996,NancyxNancy13,en,Wed Aug 28 06:02:07 +0000 2013,Eastern Time (US & Canada),1344,4083,285
1492,396089493,corindel,en,Sat Oct 22 18:39:47 +0000 2011,,26,287,249
1554,598744244,HillCrestRevisi,en,Sun Jun 03 23:19:56 +0000 2012,London,225,1004,521
1656,2860784999,anxshkasingh,en,Tue Nov 04 14:40:24 +0000 2014,,28,131,334
1663,249746406,sandboxchicago,en,Wed Feb 09 17:57:47 +0000 2011,Central Time (US & Canada),182,660,257
1676,359454489,z_a_b_z,en,Sun Aug 21 16:29:38 +0000 2011,Kuala Lumpur,163,352,5542
1778,3222340533,clairemcgennis,en,Wed Apr 29 22:20:06 +0000 2015,Pacific Time (US & Canada),186,450,202
1836,3908412809,EO_Schneiderman,en,Fri Oct 09 11:20:23 +0000 2015,Pacific Time (US & Canada),46,219,853
1945,28730760,heygreyeyes,en,Sat Apr 04 03:32:55 +0000 2009,Pacific Time (US & Canada),74,2002,1030
2032,2344992874,MichelleNSingh,en,Sat Feb 15 14:08:43 +0000 2014,,59,323,15
2103,800179322,AbbasDharamshi,en,Mon Sep 03 11:06:48 +0000 2012,,166,455,93
2181,250347338,MidlandShuttle,en,Thu Feb 10 22:40:06 +0000 2011,Central Time (US & Canada),635,1222,280
2222,92184458,nuyuyimoet,en,Tue Nov 24 02:56:06 +0000 2009,Pacific Time (US & Canada),118,655,3673
2364,2911461815,agentdremusic,en,Mon Dec 08 19:42:21 +0000 2014,Eastern Time (US & Canada),459,2942,97
2548,4144587313,aeiouO123456789,en,Fri Nov 06 09:20:00 +0000 2015,,888,5001,637
2579,128497672,vanrothyou,en,Thu Apr 01 08:59:21 +0000 2010,Bangkok,43,255,602
2599,1596682009,ABDI_GAR,en,Mon Jul 15 20:11:13 +0000 2013,Atlantic Time (Canada),741,2900,15
2634,261658325,henrybridgwood,en,Sun Mar 06 12:09:23 +0000 2011,London,192,369,1129
2763,381872892,BDFoxworth,en,Thu Sep 29 02:46:56 +0000 2011,Eastern Time (US & Canada),1815,2084,8136
2790,4143211455,AirPayforHosts,en,Sun Nov 08 17:36:26 +0000 2015,,751,5002,26
2808,3675460642,michel_celcio,en,Wed Sep 16 13:58:59 +0000 2015,,64,555,17
2823,19992385,CreateMed,en,Tue Feb 03 18:44:28 +0000 2009,London,137,497,466
2884,2445296312,GulfStateAnalyt,en,Tue Apr 15 11:15:58 +0000 2014,,211,421,115
2905,1649134220,JohannVazquez18,en,Tue Aug 06 01:23:09 +0000 2013,,52,156,38
2981,2435995986,rabyabasri,en,Wed Apr 09 20:06:27 +0000 2014,,21,179,8
2996,994243056,mannylove1998,en,Fri Dec 07 02:59:27 +0000 2012,,31,65,35
3005,546293355,amirsalar123,en,Thu Apr 05 19:06:18 +0000 2012,,59,420,25
3032,3864099074,JDValdezUsa,en,Mon Oct 12 00:47:16 +0000 2015,Mountain Time (US & Canada),39,21,49
3086,3314091134,laub_torres,en,Thu Aug 13 06:38:47 +0000 2015,,515,2085,4766
3173,4111224555,ITScommited2exc,en,Wed Nov 04 10:23:04 +0000 2015,,147,726,50
3180,572271029,HDAwareness,en,Sun May 06 03:23:27 +0000 2012,Atlantic Time (Canada),6495,7063,98190
3229,3991931772,Khair_Norrasid,en,Fri Oct 23 14:20:50 +0000 2015,,36,329,11
3284,227907792,Kris_Nolan_,en,Sat Dec 18 04:41:24 +0000 2010,America/New_York,121,356,198
3309,4010145681,ucarlosmartin,en,Wed Oct 21 15:01:34 +0000 2015,Pacific Time (US & Canada),13,84,12
3650,3416165445,LiviuFlorinArt,en,Tue Aug 11 21:12:00 +0000 2015,London,1814,4956,63
3697,4108439237,iamclovin_,en,Wed Nov 04 01:04:42 +0000 2015,,29,128,57
3959,3883927573,dfaasavalu10,en,Tue Oct 13 19:41:59 +0000 2015,,421,3202,833
4028,3229319984,siddeshchavan8,en,Fri May 29 02:15:23 +0000 2015,,296,2218,708
4035,4095866837,fightcancerorg1,en,Mon Nov 02 08:04:09 +0000 2015,Pacific Time (US & Canada),45,245,18
4235,4063739236,morenamla,en,Wed Oct 28 22:39:09 +0000 2015,,183,587,51
4521,625979816,patricksummers2,en,Tue Jul 03 23:28:17 +0000 2012,,87,250,22
4552,99801116,saideco,en,Sun Dec 27 22:52:10 +0000 2009,,489,1889,2383
4573,574865518,HeraHan01,en,Tue May 08 23:11:43 +0000 2012,Hanoi,205,919,27
4587,2323860711,Madison__tho,en,Tue Feb 04 12:36:49 +0000 2014,Atlantic Time (Canada),520,556,9664
4834,2805604380,TheRealDrKris,en,Fri Sep 12 14:12:22 +0000 2014,,7085,4089,1653
4850,43417091,jittweets,en,Fri May 29 21:46:24 +0000 2009,New Delhi,233,1090,14548
5007,2919115324,presthebuttons,en,Sat Dec 13 05:01:21 +0000 2014,,161,107,2661
5132,333114401,Rihamabdallah92,en,Mon Jul 11 00:46:53 +0000 2011,Cairo,38,143,95
5236,3392666758,mayngxoxo,en,Tue Jul 28 20:17:06 +0000 2015,,524,2027,988
5295,3604537274,thesalimiftari,en,Fri Sep 18 11:30:54 +0000 2015,,41,346,93
5345,1728674276,MichaelMarley4,en,Wed Sep 04 12:50:08 +0000 2013,,13137,141,169
5351,14382374,StevenLanni,en,Mon Apr 14 07:21:20 +0000 2008,Central Time (US & Canada),53,149,129
5385,2894687082,kokishimazu,en,Sun Nov 09 12:36:14 +0000 2014,Seoul,3569,566,691
5387,4042020137,Studentsity,en,Sun Oct 25 22:38:55 +0000 2015,Eastern Time (US & Canada),77,317,112
5549,382376527,fosterrfreeze,en,Thu Sep 29 23:43:03 +0000 2011,Pacific Time (US & Canada),361,451,1356
5734,428812828,joemcgarrigle,en,Mon Dec 05 06:26:46 +0000 2011,Atlantic Time (Canada),411,1999,611
5736,3231959220,antimanny,en,Sun May 31 22:41:33 +0000 2015,Pacific Time (US & Canada),76,150,186
5759,3742259417,charlescholland,en,Tue Sep 22 20:26:57 +0000 2015,,236,1800,29
5994,341144490,marcmoore13,en,Sat Jul 23 21:50:45 +0000 2011,Pacific Time (US & Canada),181,456,514
6093,18436601,Amphetamobile,en,Sun Dec 28 23:19:14 +0000 2008,Eastern Time (US & Canada),678,889,1579
6208,198532943,NALC_National,en,Mon Oct 04 15:29:33 +0000 2010,Eastern Time (US & Canada),6888,2559,5613
6341,363656889,RottenPhysicist,en,Sun Aug 28 13:32:17 +0000 2011,Eastern Time (US & Canada),23,302,58
6410,349710398,BharatiSawant,en,Sat Aug 06 15:25:22 +0000 2011,,99,885,18
6529,207322862,Jean_CHM,en,Mon Oct 25 02:00:16 +0000 2010,,49,414,495
6617,2873557426,M_DigiPub,en,Wed Nov 12 09:00:16 +0000 2014,,94,106,746
6741,250852792,brandblogs,en,Fri Feb 11 23:11:50 +0000 2011,Eastern Time (US & Canada),18,70,32
6876,84772025,mgupta_1,en,Sat Oct 24 05:11:27 +0000 2009,Pacific Time (US & Canada),605,1706,723
6883,2887357521,LongevityWellOT,en,Fri Nov 21 21:47:58 +0000 2014,,75,335,373
6903,3233309342,BishnuBn,en,Tue Jun 02 07:52:49 +0000 2015,,88,622,176
6904,39351819,NY2O,en,Mon May 11 21:51:07 +0000 2009,Eastern Time (US & Canada),692,1979,886
6926,541332936,TreyDay_100,en,Sat Mar 31 00:54:45 +0000 2012,Central Time (US & Canada),270,237,13247
7029,371898274,rneubauer93,en,Sun Sep 11 18:39:08 +0000 2011,Central Time (US & Canada),649,1957,696
7104,1118625800,joseph_obaje,en,Fri Jan 25 06:57:34 +0000 2013,,719,3992,261
7110,3706343775,geekusslavicus,en,Sat Sep 19 11:04:08 +0000 2015,Warsaw,425,1002,107
7190,411901773,DesmondF12,en,Mon Nov 14 01:17:22 +0000 2011,,7968,370,434
7191,366811006,hellehero,en,Fri Sep 02 21:33:17 +0000 2011,,194,322,605
7219,707547960,Ayman_Babikir,en,Fri Jul 20 18:00:02 +0000 2012,Abu Dhabi,94,167,742
7247,201788204,RadiKova,en,Tue Oct 12 16:35:34 +0000 2010,Eastern Time (US & Canada),159,253,425
7331,3890534359,truedeckard,en,Wed Oct 14 10:02:20 +0000 2015,,76,141,125
7354,3282973915,MedianPolitics,en,Sat Jul 18 02:47:17 +0000 2015,Pacific Time (US & Canada),52293,121,1705
7411,3331463763,McGillEBOH,en,Wed Jun 17 16:59:41 +0000 2015,,143,153,95
7436,383029483,Abstractcabrera,en,Sat Oct 01 04:10:46 +0000 2011,Atlantic Time (Canada),234,222,2578
7453,3657763277,digivocabulary,en,Mon Sep 14 23:06:05 +0000 2015,London,2773,1321,156
7515,727310635,nikki_a14,en,Tue Jul 31 01:51:49 +0000 2012,Eastern Time (US & Canada),227,665,5038
7527,272096919,Tangerina001,en,Fri Mar 25 20:41:11 +0000 2011,Greenland,33,474,472
7807,3650177413,elanatraj,en,Tue Sep 22 15:51:07 +0000 2015,,40,435,50
7834,254643462,drougas123,en,Sat Feb 19 18:07:40 +0000 2011,Quito,259,554,1173
7991,64950641,abhyst66,en,Wed Aug 12 05:33:30 +0000 2009,,28,478,6
8005,3243913086,crackoo_crackoo,en,Sat Jun 13 06:46:37 +0000 2015,Pacific Time (US & Canada),234,516,84
8066,369461363,jesperkatomero,en,Wed Sep 07 11:55:57 +0000 2011,,45,296,24
8070,911019355,YasmineOprea,en,Sun Oct 28 20:05:15 +0000 2012,,107,142,3491
8107,3065981285,graphiccocktail,en,Mon Mar 02 12:59:56 +0000 2015,Pacific Time (US & Canada),118,404,51
8112,3592197013,jjpanara,en,Thu Sep 17 08:51:39 +0000 2015,,197,3343,6
8153,55297411,TutorClarissa,en,Thu Jul 09 17:18:18 +0000 2009,London,205,386,6551
8210,168814354,neslinozguroglu,en,Tue Jul 20 21:31:32 +0000 2010,Central America,211,270,5052
8235,63268579,BioProcessingJ,en,Wed Aug 05 21:50:40 +0000 2009,Eastern Time (US & Canada),511,642,32
8281,770380836,uihpfellowships,en,Mon Aug 20 23:00:06 +0000 2012,Eastern Time (US & Canada),329,1135,1068
8371,3309924260,nikzsolanki11,en,Sat Aug 08 19:14:09 +0000 2015,,114,517,149
8398,2768439395,gpizz3,en,Sat Sep 13 01:04:43 +0000 2014,,41,62,12
8561,3307088713,Skyive,en,Wed Aug 05 15:14:36 +0000 2015,,33,162,19
8575,3554872875,RenaonFunds,en,Sat Sep 05 11:27:10 +0000 2015,,360,1109,623
8587,1374330576,mukesh_dacron,en,Tue Apr 23 10:30:29 +0000 2013,New Delhi,39,184,9
8591,133292653,tracymastel,en,Thu Apr 15 13:32:37 +0000 2010,Central Time (US & Canada),15,112,85
8610,397413572,CindyVien,en,Mon Oct 24 17:14:06 +0000 2011,,633,1938,61811
9063,626596418,KapasiAnasha,en,Wed Jul 04 16:45:26 +0000 2012,,195,261,2710
9086,599748128,Dial_Law,en,Tue Jun 05 02:23:18 +0000 2012,Pacific Time (US & Canada),114,107,216
9232,2760060362,TianalynH,en,Sat Aug 23 19:49:54 +0000 2014,Hawaii,161,1079,105
9303,611439998,abrossfield,en,Mon Jun 18 06:20:41 +0000 2012,,277,269,266
9429,3773276234,samanzahra_,en,Sat Oct 03 19:41:11 +0000 2015,,104,815,45
9447,2812507482,phuc_blackjacks,en,Tue Sep 16 06:09:17 +0000 2014,,23,165,16
9486,2962782727,ksg_iacs,en,Wed Jan 07 09:32:54 +0000 2015,,62,199,1433
9632,703392684,Rocco_JG,en,Wed Jul 18 16:45:11 +0000 2012,Central Time (US & Canada),609,1766,7307
9678,264943963,DrPetkova,en,Sat Mar 12 18:35:36 +0000 2011,Atlantic Time (Canada),35,165,17
9819,51526107,mbreston,en,Sat Jun 27 19:10:19 +0000 2009,Central Time (US & Canada),315,1398,613
9925,25851212,Moneypenny1981,en,Sun Mar 22 18:01:16 +0000 2009,London,105,1309,1398
10097,3503955793,louisianuuuh,en,Wed Sep 09 11:56:41 +0000 2015,,220,911,1260
10449,17066587,SandraYChung,en,Thu Oct 30 14:57:03 +0000 2008,Eastern Time (US & Canada),127,432,169
10609,3042621264,EFMtweets,en,Thu Feb 26 06:46:16 +0000 2015,Pacific Time (US & Canada),200,1327,6
10707,92670247,jereyal,en,Thu Nov 26 02:52:50 +0000 2009,Central Time (US & Canada),209,1232,257
10724,2302245518,Tyhenry22,en,Tue Jan 21 00:47:04 +0000 2014,,650,753,2652
10728,3317253353,iamakki_007,en,Wed Jun 10 12:26:18 +0000 2015,,45,226,92
10760,389609128,kemrichardson7,en,Wed Oct 12 18:16:58 +0000 2011,Quito,11406,1342,17821
10875,974685444,JBTasevska,en,Tue Nov 27 20:56:05 +0000 2012,,395,589,878
10993,71268193,tothepunchline,en,Thu Sep 03 14:37:00 +0000 2009,Yerevan,50,167,2593
11056,3104024210,swetha_berana,en,Mon Mar 23 01:55:58 +0000 2015,,163,240,168
11070,2922596547,Hostos_ASB,en,Mon Dec 15 09:29:04 +0000 2014,,71,292,21
11358,2333015588,AKshyGuPta94,en,Sat Feb 08 06:58:50 +0000 2014,Pacific Time (US & Canada),20,338,8
11388,2548113493,EFordyce1,en,Thu Jun 05 12:55:59 +0000 2014,,29,222,167
11468,3092097566,destinyvrose,en,Tue Mar 17 03:50:38 +0000 2015,,110,210,117
11489,600885039,umakantkulkarni,en,Wed Jun 06 08:41:04 +0000 2012,Pacific Time (US & Canada),46,281,84
11593,1389406855,Dalmar55555,en,Mon Apr 29 12:28:36 +0000 2013,Pacific Time (US & Canada),16,335,7
11609,53211871,evanstanleyjonz,en,Thu Jul 02 22:38:47 +0000 2009,Hawaii,130,178,33
11642,611817117,DayTraders1,en,Mon Jun 18 14:48:03 +0000 2012,Eastern Time (US & Canada),603738,177560,29880
11648,2826743402,irfannooruddin,en,Mon Sep 22 17:46:56 +0000 2014,,1014,2004,6332
11794,2887201159,notchrisyellen,en,Sun Nov 02 07:38:17 +0000 2014,,494,1033,2279
11898,267919801,mattcooldude,en,Thu Mar 17 20:17:25 +0000 2011,,60,756,381
11908,3603147733,hattrkx,en,Fri Sep 18 08:24:09 +0000 2015,,37,336,55
11939,76506023,nurulfaatihah,en,Wed Sep 23 00:38:11 +0000 2009,Pacific Time (US & Canada),407,357,36639
12221,2535739088,thisisnotsilis,en,Fri May 30 19:38:02 +0000 2014,Eastern Time (US & Canada),25,163,125
12305,198854516,agrokarthi,en,Tue Oct 05 12:32:33 +0000 2010,,76,1007,97
12334,41119450,JG_Ocean,en,Tue May 19 13:55:09 +0000 2009,London,101,390,190
12338,3595147512,JbishopAlice,en,Thu Sep 17 15:23:50 +0000 2015,Pacific Time (US & Canada),51,218,1230
12488,3546710414,MDRAKIB20081991,en,Sun Sep 13 07:25:21 +0000 2015,,37,260,19
12569,751871773,sammie_gonzale2,en,Sat Aug 11 20:38:52 +0000 2012,Central Time (US & Canada),469,250,37764
12575,1226948736,Tweetz4Ewe,en,Thu Feb 28 07:31:39 +0000 2013,Pacific Time (US & Canada),63,795,750
12637,2243407615,ebbrahym,en,Fri Dec 13 05:32:46 +0000 2013,,39,471,283
12689,2617663470,UnhappySisyphus,en,Fri Jul 11 16:55:57 +0000 2014,Pacific Time (US & Canada),44,788,150
12706,344783359,gaturkey1,en,Fri Jul 29 15:44:51 +0000 2011,Cairo,18,41,2324
12823,1108375350,jamil_kohistani,en,Mon Jan 21 07:56:19 +0000 2013,Chennai,39,339,19
12826,554171969,HishamVillan,en,Sun Apr 15 08:01:32 +0000 2012,Chennai,131,303,152
12997,62415418,WELOVEJMAR,en,Mon Aug 03 02:37:31 +0000 2009,,386824,350026,13114
13008,592619674,AsadMkl,en,Mon May 28 10:48:45 +0000 2012,Islamabad,24,105,189
13056,231426361,Lara_Obeidat,en,Tue Dec 28 13:52:25 +0000 2010,,152,123,399
13084,1651079462,KingStars101,en,Tue Aug 06 19:39:35 +0000 2013,,38,476,176
13243,3520218194,lynnm_cw,en,Thu Sep 10 22:48:41 +0000 2015,,56,338,15
13288,2267773146,RECITcollege,en,Sun Dec 29 18:56:01 +0000 2013,Eastern Time (US & Canada),586,451,2878
13310,762292740,thx_a_mill,en,Thu Aug 16 20:44:01 +0000 2012,Atlantic Time (Canada),1747,2000,1784
13389,1161145332,helloEvaaa,en,Fri Feb 08 20:33:51 +0000 2013,Santiago,653,121,14885
13420,313993289,Landon_Kasey,en,Thu Jun 09 14:58:44 +0000 2011,,849,627,2284
13444,44174435,MartinMorfe,en,Tue Jun 02 18:28:48 +0000 2009,Caracas,146,1047,3165
13686,2574570054,rohinikomarappa,en,Wed Jun 18 10:36:01 +0000 2014,,248,2002,762
13717,2426586902,pmassaro49,en,Fri Apr 04 03:31:52 +0000 2014,,154,409,496
13940,3116468368,bryan_alvarez15,en,Wed Mar 25 23:52:00 +0000 2015,,696,1990,653
13992,2165080617,sarasdynasty,en,Sat Nov 02 16:40:53 +0000 2013,,560,415,12787
14003,3482774366,jattshikari315,en,Mon Sep 07 14:47:02 +0000 2015,,81,1059,23
14065,3228410893,charleskam808,en,Wed May 27 16:51:15 +0000 2015,,34,111,88
14073,483903202,royalmiddleton,en,Sun Feb 05 14:27:24 +0000 2012,Eastern Time (US & Canada),239,1101,1681
14077,11664172,42klines,en,Sun Dec 30 18:24:53 +0000 2007,Hawaii,53,1279,335
14143,432774773,AChalopin,en,Fri Dec 09 19:27:05 +0000 2011,Paris,168,509,3248
14250,210751313,henfee,en,Mon Nov 01 08:46:09 +0000 2010,Beijing,92,858,85
14337,123461458,PeterSmalley,en,Tue Mar 16 04:57:22 +0000 2010,Pacific Time (US & Canada),230,751,180
14643,3303466335,zhivkazhee,en,Sat May 30 07:51:22 +0000 2015,Pacific Time (US & Canada),43,217,438
14782,896203087,TitanResearch,en,Sun Oct 21 21:28:58 +0000 2012,Atlantic Time (Canada),1077,856,5247
14786,539769526,Luo_Danni,en,Thu Mar 29 07:48:19 +0000 2012,Pacific Time (US & Canada),13,79,22
14921,3537747441,olive360X2,en,Thu Sep 03 21:08:24 +0000 2015,,11,95,10
15027,2865031674,alex_obrien98,en,Sun Oct 19 13:49:55 +0000 2014,,54,125,26
15167,2951341677,pete_dayton,en,Tue Dec 30 16:14:02 +0000 2014,,51,703,260
15303,31220507,LauraMRd,en,Tue Apr 14 20:43:09 +0000 2009,Central Time (US & Canada),238,490,1375
15318,764245165,Ben_Manville,en,Fri Aug 17 18:49:38 +0000 2012,,110,170,38
15614,1263222630,dancapalooza,en,Wed Mar 13 00:50:03 +0000 2013,,89,168,98
15677,3514757235,IndigoPlexus,en,Tue Sep 01 17:43:08 +0000 2015,,903,97,20
15792,2598696642,akmjamal2001,en,Tue Jul 01 23:25:05 +0000 2014,,152,690,406
15806,603023146,alekp_,en,Fri Jun 08 19:54:57 +0000 2012,Mountain Time (US & Canada),261,236,1493
16159,2192844907,a_manzalini,en,Wed Nov 13 19:56:46 +0000 2013,Belgrade,258,545,257
16181,1090128866,NewAdvice,en,Mon Jan 14 20:51:11 +0000 2013,Casablanca,421,2085,1973
16321,3345949253,MattChewyBacca,en,Thu Jun 25 20:57:02 +0000 2015,,42,234,11
16376,2897242945,BennerRachel,en,Wed Nov 12 05:51:03 +0000 2014,,185,216,730
16473,3446795788,lyonlwk,en,Wed Aug 26 12:08:40 +0000 2015,Pacific Time (US & Canada),66,688,6
16580,3450447503,Frick_DAHL,en,Wed Aug 26 20:25:47 +0000 2015,,117,67,101
16616,27985198,RonaldRoberts,en,Tue Mar 31 22:48:52 +0000 2009,Pacific Time (US & Canada),211,822,1117
16849,3228008678,forevervshley,en,Wed May 27 07:59:33 +0000 2015,,101,592,4308
16851,1428391274,jego0486,en,Tue May 14 17:24:00 +0000 2013,,401,1940,52
16939,3438605985,dbrown19827,en,Tue Aug 25 00:46:44 +0000 2015,,59,462,11
17029,1692941995,PatriciaLangha1,en,Fri Aug 23 05:03:17 +0000 2013,,13,111,75
17152,778802467,nikirowly,en,Fri Aug 24 19:11:32 +0000 2012,Eastern Time (US & Canada),247,326,1687
17179,492957954,paramsri,en,Wed Feb 15 09:17:03 +0000 2012,,261,1004,219
17211,3182035842,3rdWaveCollab,en,Fri May 01 19:39:34 +0000 2015,Central Time (US & Canada),37,195,49
17253,1422133357,Gianna9101178,en,Sun May 12 03:12:57 +0000 2013,,88,524,1707
17276,2911031334,k_manglam,en,Wed Nov 26 15:39:46 +0000 2014,,16,172,6
17303,722022206,kasim_raj,en,Sat Jul 28 11:41:06 +0000 2012,,291,1998,1556
17550,2838729183,ElectDemS14,en,Mon Oct 20 23:54:12 +0000 2014,Central Time (US & Canada),68,405,108
17685,3430947159,HonoluluRedhead,en,Wed Aug 19 05:00:21 +0000 2015,Pacific Time (US & Canada),148,952,72
17768,233918326,aakashsane,en,Tue Jan 04 12:27:35 +0000 2011,Chennai,38,67,44
17837,2991237634,rhscollegeandca,en,Thu Jan 22 02:40:41 +0000 2015,,159,229,242
18085,37564255,wpnick,en,Mon May 04 01:54:18 +0000 2009,Central Time (US & Canada),12735,114,1901
18150,3162780302,eknath_pagar,en,Sat Apr 18 16:20:57 +0000 2015,,31,184,33
18154,359529466,Amrbibars,en,Sun Aug 21 19:00:31 +0000 2011,Abu Dhabi,151,295,31
18300,3428266942,MF_Biron,en,Mon Aug 17 14:34:29 +0000 2015,,66,805,298
18439,3318026503,sonyabajaj12,en,Mon Aug 17 17:49:36 +0000 2015,,61,247,152
18482,3408665992,FRSCanada,en,Sat Aug 08 13:21:30 +0000 2015,Newfoundland,246,1283,86
18586,3142706075,SpencerTurbin,en,Tue Apr 07 04:26:58 +0000 2015,,140,241,160
18618,2522670427,EvelynHerreraAv,en,Sun May 25 12:49:05 +0000 2014,Pacific Time (US & Canada),80,529,235
18671,335400260,eramitgee,en,Thu Jul 14 16:41:16 +0000 2011,,24,118,69
18883,183023861,JudithBruess,en,Wed Aug 25 23:54:10 +0000 2010,,49,211,346
19302,880223611,rbear12,en,Sun Oct 14 14:12:19 +0000 2012,,80,177,189
19317,253939218,camillaley,en,Fri Feb 18 08:29:13 +0000 2011,Copenhagen,1317,1529,2759
19492,127068057,Premier_Walnut,en,Sat Mar 27 23:27:23 +0000 2010,Pacific Time (US & Canada),26,151,22
19512,2998747842,SheilajGarcia,en,Tue Jan 27 23:26:54 +0000 2015,,147,775,175
19561,330633276,BryanOpat,en,Wed Jul 06 22:35:32 +0000 2011,Pacific Time (US & Canada),131,303,656
19740,37829379,Danny_Bandit,en,Tue May 05 02:07:04 +0000 2009,Tijuana,347,452,1633
19767,3222426080,memoriarota,en,Thu May 21 15:49:37 +0000 2015,,55,352,151
19930,3290527574,MbStarter,en,Fri Jul 24 17:14:17 +0000 2015,Pacific Time (US & Canada),627,2409,65
20028,3401381481,howtolearnx,en,Mon Aug 03 15:39:09 +0000 2015,,382,2079,27
20063,328489659,kylebeingkyle,en,Sun Jul 03 13:35:11 +0000 2011,Eastern Time (US & Canada),32,75,47
20317,107205442,jccprimero,en,Thu Jan 21 21:08:13 +0000 2010,Pacific Time (US & Canada),277,1838,1054
20326,3346976920,dustinmcquillan,en,Fri Jun 26 21:08:36 +0000 2015,Eastern Time (US & Canada),76,320,43
20358,267500989,jonatlih,en,Thu Mar 17 01:52:44 +0000 2011,London,124,199,23
20384,170367813,faithmuyoyo,en,Sat Jul 24 16:58:01 +0000 2010,Central Time (US & Canada),81,528,868
20661,1143204614,Derex_Leung,en,Sat Feb 02 19:19:39 +0000 2013,Eastern Time (US & Canada),102,226,145
20769,490419658,arthurbatwala,en,Sun Feb 12 14:54:10 +0000 2012,,487,1942,523
20811,3403707155,soong_noonien,en,Wed Aug 05 04:14:25 +0000 2015,,46,515,31
20942,718634840,CurlyTemple_,en,Thu Jul 26 19:46:03 +0000 2012,Eastern Time (US & Canada),1471,1919,10623
21133,3273308918,AngelChow2015,en,Thu Jul 09 20:36:47 +0000 2015,,40,171,3616
21199,35464920,ahmedmallah,en,Sun Apr 26 13:33:52 +0000 2009,Riyadh,567,1992,2109
21226,22376224,jblumy,en,Sun Mar 01 16:19:25 +0000 2009,Atlantic Time (Canada),102,245,163
21234,344336841,OrellanaAlan,en,Thu Jul 28 22:26:12 +0000 2011,Central Time (US & Canada),207,1306,3961
21303,1289069586,ScottWainwright,en,Fri Mar 22 16:18:21 +0000 2013,,376,404,3398
21420,225505870,iamdibakardatta,en,Sat Dec 11 18:51:02 +0000 2010,Central Time (US & Canada),80,505,103
21454,736177760,Arash3377,en,Sat Aug 04 05:51:37 +0000 2012,,38,290,22
21459,2434618518,samderveen,en,Wed Apr 09 00:27:11 +0000 2014,,423,384,368
21513,63286648,AC_Oliveira,en,Wed Aug 05 22:56:08 +0000 2009,,294,2026,427
21579,502739571,florence_osuma,en,Sat Feb 25 09:16:09 +0000 2012,,127,410,3586
21699,558309016,adrianfrias5,en,Fri Apr 20 04:08:53 +0000 2012,,151,1259,1547
21784,3308824120,SimeonDiggs,en,Fri Jun 05 00:11:09 +0000 2015,Eastern Time (US & Canada),33,218,59
21788,3076153043,redorancircle,en,Fri Mar 06 23:50:17 +0000 2015,,27,530,24
21846,97353431,NayabAhmed11,en,Thu Dec 17 03:33:30 +0000 2009,Central Time (US & Canada),1009,204,4706
21878,211950020,Lamees_AlArab,en,Thu Nov 04 18:40:37 +0000 2010,Kuwait,489,484,5564
22024,126126365,sarahvorhaus,en,Wed Mar 24 22:40:50 +0000 2010,Quito,651,506,1171
22119,19197092,navidhassanpour,en,Mon Jan 19 19:20:41 +0000 2009,Eastern Time (US & Canada),354,189,379
22173,465103815,KelliAnnBragass,en,Sun Jan 15 23:53:15 +0000 2012,,29,109,22
22366,3388316385,OGmuma,en,Thu Jul 23 01:36:40 +0000 2015,,67,143,109
22430,3276941130,madalyn31103,en,Sun Jul 12 02:46:56 +0000 2015,,63,521,35
22447,3256784934,diding_rahmat,en,Fri Jun 26 16:23:30 +0000 2015,,71,659,261
22537,110763694,zelley910,en,Tue Feb 02 17:57:40 +0000 2010,Mountain Time (US & Canada),106,247,1189
22716,351282718,msubbums,en,Tue Aug 09 01:25:42 +0000 2011,,35,439,26
22756,50383752,CO93baby,en,Wed Jun 24 18:10:01 +0000 2009,Quito,366,499,2510
22758,1643044854,kobieroben,en,Sat Aug 03 15:34:31 +0000 2013,Baghdad,132,515,211
22849,20359342,Gowda_Mentor,en,Sun Feb 08 10:24:05 +0000 2009,Mumbai,369,449,53
23645,342074292,kaitlyn_jane_,en,Mon Jul 25 12:51:21 +0000 2011,,105,259,241
23705,3283735286,xu_yangguang,en,Sat Jul 18 22:33:36 +0000 2015,Pacific Time (US & Canada),29,315,26
23828,18105319,David1781,en,Sat Dec 13 21:31:18 +0000 2008,Central Time (US & Canada),50,357,18
23995,3380529855,amroprice,en,Fri Jul 17 17:00:43 +0000 2015,,20,83,55
24128,604391670,xtycon,en,Sun Jun 10 07:57:35 +0000 2012,,108,411,651
24179,2882192538,vmgtoyz,en,Wed Oct 29 14:41:49 +0000 2014,,504,1999,117
24183,276376388,KMFT907,en,Sun Apr 03 06:58:46 +0000 2011,,75,749,220
24209,947138196,namodumav,en,Wed Nov 14 05:59:20 +0000 2012,,61,217,68
24282,432876668,Eklar105,en,Fri Dec 09 21:53:20 +0000 2011,Eastern Time (US & Canada),37,119,182
24290,3305256947,susanjcheng,en,Mon Jun 01 02:16:44 +0000 2015,,137,233,385
24386,19810487,ishsal,en,Sat Jan 31 09:43:59 +0000 2009,Kuala Lumpur,335,205,1021
24509,2240078812,sbaj19,en,Mon Dec 23 16:20:55 +0000 2013,Eastern Time (US & Canada),69,141,18
24728,32759953,cesar04,en,Sat Apr 18 03:22:10 +0000 2009,Eastern Time (US & Canada),186,330,588
24848,322140126,joel_okani,en,Wed Jun 22 18:02:38 +0000 2011,,60,524,130
24994,140364300,cpollman,en,Wed May 05 09:15:20 +0000 2010,London,266,903,1177
25567,615669524,CarlaDaza03,en,Sat Jun 23 00:58:19 +0000 2012,Eastern Time (US & Canada),148,457,4023
25582,45437742,stellamariax3,en,Sun Jun 07 22:20:59 +0000 2009,Eastern Time (US & Canada),694,1259,10393
25681,3255432367,BisadSnrschool,en,Thu Jun 25 07:44:43 +0000 2015,,57,109,28
25866,3348841637,fservicesgames,en,Sun Jun 28 10:49:13 +0000 2015,Pacific Time (US & Canada),170,410,20
25931,45646472,durkanst,en,Mon Jun 08 19:26:40 +0000 2009,Pacific Time (US & Canada),41,344,74
26058,20408891,TameraMus,en,Mon Feb 09 02:18:52 +0000 2009,Eastern Time (US & Canada),534,943,2668
26069,24625187,sbires,en,Mon Mar 16 01:27:07 +0000 2009,Pacific Time (US & Canada),170,93,9
26090,3270281780,jarobi_empire,en,Mon Jul 06 18:43:44 +0000 2015,,69,252,26
26186,254812118,cpieper83,en,Sun Feb 20 02:10:30 +0000 2011,,173,951,136
26197,253365755,RedaGuennoun,en,Thu Feb 17 02:54:28 +0000 2011,Casablanca,53,233,58
26339,54107005,denverchefdude,en,Mon Jul 06 03:56:58 +0000 2009,Pacific Time (US & Canada),52515,55991,626316
26521,2716245600,mariaviews,en,Fri Aug 08 05:37:01 +0000 2014,,64,226,372
26604,2407302944,_alexfunk,en,Sun Mar 23 15:33:35 +0000 2014,Pacific Time (US & Canada),291,863,4833
26671,1226866808,joshiamit21,en,Thu Feb 28 06:26:21 +0000 2013,,813,1971,91
26727,3074470992,puntersick,en,Thu Mar 12 03:29:25 +0000 2015,,174,1945,1723
26814,2235466475,michaelcates25,en,Fri Dec 20 22:30:35 +0000 2013,,450,2018,5176
27010,2282790477,debsawol,en,Wed Jan 15 02:14:44 +0000 2014,Pacific Time (US & Canada),121,235,2750
27165,454478571,SouthernGal1225,en,Wed Jan 04 01:37:33 +0000 2012,,88,578,256
27297,2310906241,heyitszaimah,en,Sun Jan 26 00:05:38 +0000 2014,,62,277,149
27395,3189641902,JohnHFaro,en,Tue Apr 21 06:32:48 +0000 2015,,150,786,102
27449,1000032565,_carlyg_,en,Sun Dec 09 19:49:35 +0000 2012,Eastern Time (US & Canada),121,193,1388
27458,2981832653,avgjoepro2,en,Fri Jan 16 22:34:45 +0000 2015,,32960,18302,6170
27558,1334017178,allplacesmap,en,Sun Apr 07 12:41:17 +0000 2013,New Delhi,160,143,947
27566,29804632,MarceloAlvisi,en,Wed Apr 08 19:59:18 +0000 2009,London,997,1962,1068
27702,69052297,jucruz86,en,Wed Aug 26 18:13:54 +0000 2009,,34,319,177
27814,54550647,Kate_Aloft,en,Tue Jul 07 13:49:04 +0000 2009,Pacific Time (US & Canada),154,314,651
27871,207204329,jamesbond_3,en,Sun Oct 24 19:44:39 +0000 2010,New Delhi,352,1838,5748
27996,55067305,eloisamcruz,en,Wed Jul 08 23:25:58 +0000 2009,Central Time (US & Canada),31,254,15
28084,619047592,SharanyaJha,en,Tue Jun 26 12:49:55 +0000 2012,,148,602,555
28325,805122068,stewdust,en,Wed Sep 05 18:21:33 +0000 2012,Eastern Time (US & Canada),273,881,349
28379,363811892,pizzarosita,en,Sun Aug 28 18:44:02 +0000 2011,Quito,220,645,960
28412,443443540,Mu7aneD,en,Thu Dec 22 05:40:04 +0000 2011,Riyadh,459,1158,348
28415,1101751873,bhalchandra09,en,Fri Jan 18 19:03:12 +0000 2013,,330,1736,864
28441,1077456648,noor_lalani,en,Thu Jan 10 19:25:40 +0000 2013,,637,1258,3071
28591,156988976,SNtsengeni,en,Fri Jun 18 14:19:07 +0000 2010,,241,1397,587
28722,351636019,EngKareemOthman,en,Tue Aug 09 14:47:43 +0000 2011,Cairo,75,439,234
28799,3109122729,MickiMaiden,en,Tue Mar 24 01:32:12 +0000 2015,,30,183,130
28879,2912087730,ShahriarSakib11,en,Thu Nov 27 18:43:36 +0000 2014,,142,2002,155
28896,3249139538,BEMoretti,en,Thu Jun 18 21:22:41 +0000 2015,,69,857,80
28920,2801664103,VenusD9,en,Wed Sep 10 11:35:56 +0000 2014,Pacific Time (US & Canada),951,727,200
28992,482339045,adam_elliott16,en,Fri Feb 03 20:00:16 +0000 2012,Atlantic Time (Canada),583,538,5055
29007,254385706,ingridypan,en,Sat Feb 19 05:02:08 +0000 2011,Pacific Time (US & Canada),48,135,72
29030,2303490614,ErikMolnarJr,en,Tue Jan 21 18:07:54 +0000 2014,Amsterdam,18,76,39
29335,467655263,AlisonSmith0802,en,Wed Jan 18 18:12:00 +0000 2012,,47,209,130
29361,389514816,MisteRendy,en,Wed Oct 12 15:13:16 +0000 2011,Pacific Time (US & Canada),850,1876,304
29538,389667813,Milo_guitarhero,en,Wed Oct 12 20:16:02 +0000 2011,Atlantic Time (Canada),97,269,308
29672,3191741544,SuccessfulGrad,en,Mon May 11 06:48:18 +0000 2015,,143,596,27
29679,3126644843,heyy_ty,en,Sun Mar 29 14:27:21 +0000 2015,,1006,1996,1304
29688,127374165,BreatheUtah,en,Mon Mar 29 00:45:51 +0000 2010,Mountain Time (US & Canada),2140,1933,5834
29701,3244501748,JorgeAlexBece,en,Sat Jun 13 19:47:23 +0000 2015,,69,673,58
29854,1654051634,UnRepresentativ,en,Wed Aug 07 22:51:23 +0000 2013,,295,542,525
30022,3188612862,goldammy1,en,Fri May 08 11:27:57 +0000 2015,,176,1576,303
30138,31483118,WifeMomDiva81,en,Wed Apr 15 18:53:25 +0000 2009,Central Time (US & Canada),243,1959,1098
30287,3017545664,garg_anant1997,en,Thu Feb 12 15:44:08 +0000 2015,,17,254,14
30385,3315261382,zaygegeebaatar,en,Tue Jun 09 15:52:41 +0000 2015,,99,412,31
30402,17870528,AKM_EdTechInnov,en,Thu Dec 04 15:54:30 +0000 2008,Central Time (US & Canada),78,150,16
30406,1261937952,MatthieuFDumont,en,Tue Mar 12 13:13:45 +0000 2013,,39,296,36
30447,134487712,SynergyBio,en,Sun Apr 18 15:20:12 +0000 2010,Eastern Time (US & Canada),352,1034,373
30451,509083512,Orman_Guidance,en,Wed Feb 29 18:16:37 +0000 2012,Central Time (US & Canada),538,2219,1587
30457,754291531,jsturdi09,en,Mon Aug 13 02:59:29 +0000 2012,Eastern Time (US & Canada),283,605,1882
30634,25178246,Woolf__College,en,Wed Mar 18 23:05:08 +0000 2009,Eastern Time (US & Canada),208,314,537
30696,2157581042,42shariff,en,Sat Oct 26 21:28:48 +0000 2013,,657,2011,878
30796,3308375926,2sangam_gautam,en,Thu Jun 04 15:49:29 +0000 2015,,11,133,46
30814,3282551561,adamdavis070,en,Sun May 17 22:16:20 +0000 2015,,174,1087,68
30847,323583091,juliabrunson_,en,Sat Jun 25 02:26:20 +0000 2011,Quito,573,511,14416
30902,29402958,AFSigal,en,Tue Apr 07 07:05:44 +0000 2009,Pacific Time (US & Canada),59,878,63
30943,3305744278,TonsaeTony,en,Mon Jun 01 15:47:12 +0000 2015,,14,175,6
31043,960745897,CAIGLOBAL,en,Tue Nov 20 16:15:17 +0000 2012,Pacific Time (US & Canada),39,50,145
31072,1438895270,SarahEValdez,en,Sat May 18 17:00:07 +0000 2013,,157,417,1300
31191,2864978560,hungbyhangers,en,Fri Nov 07 01:49:09 +0000 2014,,1105,2044,2069
31287,116650392,JeSuisJaneen,en,Tue Feb 23 05:25:40 +0000 2010,Pacific Time (US & Canada),711,249,37205
31392,384991861,BarclayAndKnap,en,Tue Oct 04 17:45:28 +0000 2011,,207,363,466
31400,3023218459,AdvisorIrms,en,Tue Feb 17 02:40:43 +0000 2015,Hong Kong,511,1770,831
31626,3233839050,LakshmiUSA,en,Tue Jun 02 18:03:49 +0000 2015,,69,747,19
31668,2835724598,luckylaka7,en,Tue Sep 30 05:01:23 +0000 2014,,57,249,9
31779,3305991340,MrMattyPlays,en,Mon Jun 01 20:10:30 +0000 2015,,134,568,218
31809,2990781417,ItsBizbuz,en,Wed Jan 21 23:17:25 +0000 2015,Ljubljana,153,1942,4305
31836,562878605,honmwangigitau,en,Wed Apr 25 13:26:33 +0000 2012,,262,620,71
31949,3230318754,annanyahoney,en,Sat May 30 05:04:33 +0000 2015,,177,1693,18
32012,3302948303,pittman_ricardo,en,Fri May 29 16:41:36 +0000 2015,,229,826,568
32134,3228627308,shamsul005,en,Thu May 28 04:39:01 +0000 2015,,110,1711,9
32186,373686392,JasmynChristine,en,Thu Sep 15 01:33:08 +0000 2011,Eastern Time (US & Canada),158,351,785
32196,45470040,SaalihaKhan,en,Mon Jun 08 01:26:38 +0000 2009,Eastern Time (US & Canada),679,1702,232
32234,2521812759,Stefanee57,en,Thu May 01 19:51:58 +0000 2014,,269,2042,271
32357,282189177,moxyladies,en,Thu Apr 14 18:36:06 +0000 2011,Arizona,3650,4053,91160
32372,45305023,shomachat,en,Sun Jun 07 07:56:12 +0000 2009,Central Time (US & Canada),194,972,4209
32487,7658412,irishgeezer,en,Mon Jul 23 13:02:32 +0000 2007,Dublin,33,332,565
32548,3158309724,UbBagale,en,Thu Apr 16 00:55:17 +0000 2015,,163,1149,126
32807,3228217728,WaqarAhmad04,en,Wed May 27 14:06:36 +0000 2015,,143,1997,520
32903,124221826,iaucollege,en,Thu Mar 18 17:24:35 +0000 2010,Central Time (US & Canada),435,1043,5333
33057,420694930,gwjacksonjr,en,Thu Nov 24 23:52:41 +0000 2011,Eastern Time (US & Canada),202,1088,12
33100,2314445894,ghodgey,en,Mon Jan 27 22:49:50 +0000 2014,,243,478,558
33469,351253324,alexhickstruro,en,Tue Aug 09 00:29:24 +0000 2011,London,326,982,386
33788,59964385,_panji,en,Sat Jul 25 03:10:32 +0000 2009,Jakarta,796,190,44638
33923,964490280,Aineey001,en,Thu Nov 22 15:56:06 +0000 2012,,98,318,839
33999,22466017,SinaShayesteh,en,Mon Mar 02 08:28:57 +0000 2009,Pacific Time (US & Canada),381,1042,182
34172,487039635,full_mcintosh,en,Wed Feb 08 23:04:53 +0000 2012,Atlantic Time (Canada),1970,1343,16330
34226,129961624,sf_don,en,Mon Apr 05 22:52:44 +0000 2010,,99,900,72
34261,1174718672,NamasakaBrian,en,Wed Feb 13 10:10:06 +0000 2013,,177,1431,233
34284,111333586,bibstarrock,en,Thu Feb 04 15:18:03 +0000 2010,,134,2031,45
34360,219067729,bayardoski,en,Tue Nov 23 21:01:12 +0000 2010,Baghdad,933,1146,505
34444,402981084,UmerNaeem7,en,Tue Nov 01 21:11:28 +0000 2011,,13,97,26
34569,1442422524,ecmijon,en,Sun May 19 23:51:52 +0000 2013,Eastern Time (US & Canada),124,200,1242
34633,70413558,flobato70,en,Mon Aug 31 15:04:05 +0000 2009,Central Time (US & Canada),136,1276,249
34672,103276385,thaipop6868,en,Sat Jan 09 13:58:05 +0000 2010,Bangkok,170,618,1181
34732,1496795978,SteveSophia,en,Sun Jun 09 22:43:34 +0000 2013,,50,551,87
34881,1207634377,GasToHealth,en,Fri Feb 22 09:42:30 +0000 2013,,1148,2005,13686
34972,75606989,uribejp,en,Sat Sep 19 18:11:17 +0000 2009,Bogota,438,295,2325
35079,21952787,adameickmeyer,en,Thu Feb 26 01:35:14 +0000 2009,Central Time (US & Canada),108,260,1921
35195,509602953,IngramAngelique,en,Thu Mar 01 02:20:15 +0000 2012,,91,654,124
35228,21581988,ansiddiqi,en,Sun Feb 22 17:48:55 +0000 2009,Karachi,1003,1790,1699
35326,3173014840,nouss18,en,Thu Apr 16 14:44:08 +0000 2015,Belgrade,481,1153,187
35514,19965948,BobMoletteire,en,Tue Feb 03 11:46:09 +0000 2009,Eastern Time (US & Canada),428,762,4225
35548,810240614,native8550,en,Sat Sep 08 05:18:22 +0000 2012,Brisbane,189,1666,3054
35697,3187644937,hamzakhalid513,en,Thu May 07 11:36:47 +0000 2015,,36,61,200
35714,418075077,bhavikmj,en,Mon Nov 21 18:33:30 +0000 2011,Chennai,71,166,181
35759,339591018,OyamoMelchiz,en,Thu Jul 21 10:30:15 +0000 2011,Nairobi,152,625,731
36012,2255342949,Noelle_Dairi,en,Tue Dec 31 23:31:49 +0000 2013,Eastern Time (US & Canada),77,347,81
36158,822106488,Grethel_MG,en,Thu Sep 13 20:08:02 +0000 2012,,187,310,592
36169,54672942,KingChecaugo,en,Tue Jul 07 20:54:33 +0000 2009,Pacific Time (US & Canada),1350,1112,138230
36222,3021577110,ChamberDS,en,Sun Feb 15 20:32:56 +0000 2015,,169,762,111
36295,3220595598,theeemitzy,en,Tue May 19 19:18:38 +0000 2015,,82,156,127
36404,233892696,ApurvGupta5,en,Tue Jan 04 10:50:27 +0000 2011,Dublin,1756,598,125
36484,125990680,SunParkk,en,Wed Mar 24 14:05:26 +0000 2010,Seoul,132,225,807
36542,14308012,INDIEbusiness,en,Sat Apr 05 02:37:04 +0000 2008,Eastern Time (US & Canada),33521,892,51278
36605,86166414,tamullin,en,Thu Oct 29 21:28:23 +0000 2009,Eastern Time (US & Canada),587,1153,1587
36788,310415634,mohamed_bastoi,en,Fri Jun 03 18:20:03 +0000 2011,Pretoria,69,298,41
36838,16192263,Melianthe,en,Mon Sep 08 21:12:59 +0000 2008,Eastern Time (US & Canada),705,2004,1556
37056,2449306645,SyedAnsarRaza1,en,Thu Apr 17 08:01:17 +0000 2014,,29,68,20
37219,3179301421,RickyRavan,en,Wed Apr 29 12:06:29 +0000 2015,,279,2021,1255
37337,2484846805,chayon_shah,en,Fri May 09 03:43:06 +0000 2014,Ekaterinburg,170,2010,86
37359,38828523,ElmervdVlugt,en,Sat May 09 09:48:33 +0000 2009,Amsterdam,94,313,847
37422,51698761,Pharha,en,Sun Jun 28 10:22:04 +0000 2009,Central Time (US & Canada),13,440,22
37686,459120920,Sustainia,en,Mon Jan 09 09:21:41 +0000 2012,Athens,14228,6806,13718
37692,2443346449,oli_kailash,en,Mon Apr 14 05:04:48 +0000 2014,,16,116,50
37915,27337320,jcaraballor,en,Sat Mar 28 23:52:27 +0000 2009,Eastern Time (US & Canada),90,749,1818
38041,462667457,Briansbc7,en,Fri Jan 13 06:24:16 +0000 2012,,12,39,32
38261,68330288,SuKim84,en,Mon Aug 24 04:49:31 +0000 2009,Sydney,472,2005,6150
38407,2854199671,ashust0,en,Mon Oct 13 09:28:43 +0000 2014,,64,464,395
38604,250671807,jojo_andrean,en,Fri Feb 11 15:28:33 +0000 2011,Alaska,364,1248,2142
38664,75186942,xEthanP,en,Fri Sep 18 03:12:51 +0000 2009,Central Time (US & Canada),217,398,738
38674,245226650,Janna_Roberts,en,Mon Jan 31 05:18:26 +0000 2011,Central Time (US & Canada),287,1640,281
38714,896070636,obugheni,en,Sun Oct 21 20:13:13 +0000 2012,,78,617,523
38829,3257125840,EugeneMichael45,en,Fri May 15 16:20:30 +0000 2015,,97,1197,12
38850,21445951,sevilomer,en,Fri Feb 20 23:25:46 +0000 2009,,155,349,226
38851,50275406,NajjarRabih,en,Wed Jun 24 11:01:49 +0000 2009,Greenland,251,1361,4887
38879,2390799452,rudratmg,en,Sat Mar 15 10:32:08 +0000 2014,,402,997,1320
38894,388584572,Aymonn1,en,Tue Oct 11 00:31:38 +0000 2011,Athens,148,738,401
38946,2958008412,thenicolehilton,en,Sun Jan 04 05:48:32 +0000 2015,,248,490,277
39536,1005604728,khawar_suliman,en,Wed Dec 12 05:06:38 +0000 2012,,165,1190,1859
39615,2529228872,rvndr_A,en,Wed May 28 06:20:58 +0000 2014,Pacific Time (US & Canada),294,303,2550
39719,1699096916,Sylvesterbotwe,en,Sun Aug 25 12:33:04 +0000 2013,,427,1783,924
40019,461867455,JJSomwe,en,Thu Jan 12 08:47:26 +0000 2012,,103,531,1235
40041,545640593,KameronBuck14,en,Thu Apr 05 03:04:29 +0000 2012,Eastern Time (US & Canada),204,1123,2432
40083,67892142,MissGlitterBiz,en,Sat Aug 22 13:50:19 +0000 2009,Quito,8725,1403,1785
40234,33932027,Tweeetering,en,Tue Apr 21 15:12:08 +0000 2009,Pacific Time (US & Canada),787,1764,3997
40471,3174858823,bbkdhl,en,Sun Apr 26 04:57:25 +0000 2015,,615,2214,630
40476,499826584,ramakumaran,en,Wed Feb 22 14:34:19 +0000 2012,,54,554,56
40519,53555454,Deryck_Rose,en,Sat Jul 04 01:18:04 +0000 2009,Eastern Time (US & Canada),128,140,438
40540,850366147,craycrayforclay,en,Fri Sep 28 03:00:58 +0000 2012,Atlantic Time (Canada),108,203,146
40619,1363722715,lccz617,en,Fri Apr 19 06:14:20 +0000 2013,,363,1579,613
40817,373075096,keshavadilwali,en,Tue Sep 13 23:17:17 +0000 2011,International Date Line West,46,227,447
40820,309899650,JonathanSafir,en,Thu Jun 02 21:22:29 +0000 2011,Quito,523,498,10213
40842,27450995,fokeet,en,Sun Mar 29 16:18:04 +0000 2009,Eastern Time (US & Canada),39,499,26
40915,634641244,yakabuskie45,en,Fri Jul 13 15:06:13 +0000 2012,,771,1976,883
40919,115478138,PoloDex,en,Thu Feb 18 19:49:45 +0000 2010,Eastern Time (US & Canada),864,1987,18137
40989,3197000167,alhayatagro,en,Sat May 16 04:49:57 +0000 2015,,129,1595,6
41113,818839490,sambutler99,en,Wed Sep 12 04:40:34 +0000 2012,Tijuana,496,1985,10510
41141,1285171526,Kibekityo,en,Thu Mar 21 05:51:23 +0000 2013,Kyiv,100,646,947
41142,593655831,AWkhalid,en,Tue May 29 10:16:24 +0000 2012,Casablanca,185,1397,52
41161,32694093,khalafsa,en,Sat Apr 18 00:55:59 +0000 2009,,307,606,3274
41242,2895301514,BruhBruhrrosoGG,en,Mon Nov 10 04:59:40 +0000 2014,Pacific Time (US & Canada),100,1388,1141
41355,2482934562,Mridul0Bhatia,en,Thu May 08 00:21:01 +0000 2014,Darwin,407,1972,52
41436,18033422,mariadiculous,en,Wed Dec 10 22:51:17 +0000 2008,Central Time (US & Canada),60,187,172
41450,219192912,stephenebert,en,Wed Nov 24 05:17:51 +0000 2010,Arizona,86,240,807
41580,156532995,skiuhan,en,Thu Jun 17 05:27:15 +0000 2010,Bogota,255,1039,781
41618,3190421024,IamQbazoid,en,Sun May 10 04:35:17 +0000 2015,,74,589,59
41640,258093389,FistToFive,en,Sat Feb 26 23:25:50 +0000 2011,Eastern Time (US & Canada),659,1847,1350
41685,14166306,rajan_vaish,en,Mon Mar 17 22:10:35 +0000 2008,New Delhi,409,578,2289
41743,1907784817,silverfarshid,en,Thu Sep 26 12:32:51 +0000 2013,,26,424,7
41754,67727882,KIPP,en,Fri Aug 21 21:45:12 +0000 2009,Pacific Time (US & Canada),35995,2838,3237
41917,323728424,SailabilityPhi,en,Sat Jun 25 09:41:13 +0000 2011,Hong Kong,350,1446,263
41958,1053344185,emmiekiely,en,Tue Jan 01 19:37:02 +0000 2013,Eastern Time (US & Canada),106,203,237
42021,3234604527,goiz6781,en,Tue May 05 01:07:54 +0000 2015,,339,1946,1650
42031,3190012202,GrGovindan,en,Sat May 09 17:20:55 +0000 2015,New Delhi,42,650,19
42057,286358469,Battery_Chem,en,Fri Apr 22 21:04:26 +0000 2011,Eastern Time (US & Canada),786,2033,914
42116,635571534,AbabnehEmad,en,Sat Jul 14 16:26:55 +0000 2012,Baghdad,241,435,214
42132,2997903889,CHall_CPDSLC,en,Tue Jan 27 05:15:49 +0000 2015,,259,583,492
42202,347685520,Amin533,en,Wed Aug 03 05:41:52 +0000 2011,,14,175,7
42210,2849556830,nilfunks,en,Fri Oct 10 03:11:22 +0000 2014,,58,620,387
42266,2192201,radfahrer,en,Sun Mar 25 17:50:57 +0000 2007,Brasilia,21508,204,9283
42286,1851627931,abelacharius,en,Tue Sep 10 14:07:42 +0000 2013,Singapore,143,610,96
42293,885938647,kambiz289,en,Wed Oct 17 03:10:13 +0000 2012,,239,83,119
42542,3029664532,thecentergame,en,Wed Feb 11 06:08:29 +0000 2015,Eastern Time (US & Canada),1413,4930,260
42543,39588710,INSIGHT_News,en,Tue May 12 20:33:11 +0000 2009,Central Time (US & Canada),1009,1065,1927
42633,620890424,PatriciaOLynn,en,Thu Jun 28 11:14:22 +0000 2012,London,172,350,134
42697,1151405822,Phys_Recruiting,en,Tue Feb 05 16:48:15 +0000 2013,Central Time (US & Canada),222,407,250
42845,3084233609,SusanConfused,en,Tue Mar 10 15:40:05 +0000 2015,Dublin,106,660,100
42865,158871860,mswabi,en,Wed Jun 23 21:57:00 +0000 2010,Eastern Time (US & Canada),109,179,669
42944,298373033,TmAishwarya,en,Sat May 14 06:11:42 +0000 2011,,45,146,23
42968,3182488447,millennial_ent,en,Sat May 02 05:17:05 +0000 2015,Pacific Time (US & Canada),20,172,21
43026,2555712373,Mediaqp,en,Sun Jun 08 23:37:03 +0000 2014,Arizona,32437,14905,22111
43059,16939862,GadgetDawg,en,Fri Oct 24 00:18:16 +0000 2008,Eastern Time (US & Canada),3224,1615,3986
43069,3007559826,lovehunited,en,Mon Feb 02 05:56:41 +0000 2015,,60,252,181
43227,2346094910,BublyMila,en,Sun Feb 16 02:44:39 +0000 2014,,99,550,477
43262,140882130,stateofzhen,en,Thu May 06 16:13:09 +0000 2010,Eastern Time (US & Canada),29,370,137
43427,120769442,DilliKiChokri,en,Sun Mar 07 13:57:18 +0000 2010,Hawaii,168,346,1201
43484,1933344853,4Pluviophile,en,Fri Oct 04 06:39:25 +0000 2013,Pacific Time (US & Canada),46,211,268
43610,41263748,gracecartwright,en,Wed May 20 01:27:53 +0000 2009,Pacific Time (US & Canada),132,83,6280
43654,3150615206,Diepntn9,en,Sun Apr 12 00:44:00 +0000 2015,,24,64,35
43659,1966829856,mslijepcevic1,en,Thu Oct 17 13:42:13 +0000 2013,,810,1502,910
43769,2426849886,hazimzulfa_21,en,Fri Apr 04 07:22:48 +0000 2014,,305,441,4421
43812,1608786162,maida_mushtaq,en,Sat Jul 20 18:41:23 +0000 2013,,43,358,238
43847,3122111151,exam_countdown,en,Fri Mar 27 20:13:39 +0000 2015,,309,1403,1205
43937,3104679093,afbekenya,en,Sun Mar 22 13:54:07 +0000 2015,Bucharest,80,176,52
43938,98709047,AiglonCollege,en,Tue Dec 22 20:04:40 +0000 2009,Amsterdam,878,392,357
44029,175176750,Petchary,en,Thu Aug 05 20:57:37 +0000 2010,Central Time (US & Canada),6872,6442,205352
44108,3063747068,HannaHellhound,en,Fri Mar 06 00:38:41 +0000 2015,,524,2000,4140
44149,3111708338,Thebraingeeks,en,Fri Mar 27 22:03:32 +0000 2015,,252,96,71
44321,304621882,andreasofia55,en,Tue May 24 20:40:12 +0000 2011,Quito,69,232,193
44870,17835365,TomLindner,en,Wed Dec 03 12:49:08 +0000 2008,Central Time (US & Canada),818,1088,438
44919,3130974129,sylvanasnyapera,en,Wed Apr 01 11:38:29 +0000 2015,,447,2305,35
45098,913708682,Rahma_kabaro,en,Tue Oct 30 02:22:42 +0000 2012,,30,316,15
45363,3058886194,KellyJenks5,en,Tue Feb 24 12:46:37 +0000 2015,,341,1792,18
45519,30336192,starriknight,en,Fri Apr 10 23:04:50 +0000 2009,Eastern Time (US & Canada),233,1660,2590
45524,113941007,JazzyElbowHats,en,Sat Feb 13 15:01:03 +0000 2010,Dublin,236,380,3144
45600,3022281616,LawsMelissa,en,Fri Feb 06 21:39:36 +0000 2015,,53,207,18
45658,88438155,pratnala,en,Sun Nov 08 15:16:21 +0000 2009,Eastern Time (US & Canada),1276,817,32569
45885,2955566073,lilyreginakane0,en,Thu Jan 01 22:05:08 +0000 2015,,39,212,177
45940,6102152,AlisonKerwin,en,Thu May 17 10:39:07 +0000 2007,London,762,672,2560
45957,2697063967,madhuriminnu21,en,Fri Aug 01 01:41:50 +0000 2014,,377,552,186
45971,184034905,popstarvaibhav,en,Sat Aug 28 14:36:56 +0000 2010,Pacific Time (US & Canada),68,638,382
45979,139408593,ghaidamillati,en,Sun May 02 14:27:45 +0000 2010,Pacific Time (US & Canada),656,573,6046
46014,3064605437,VUReview,en,Fri Feb 27 22:38:23 +0000 2015,,290,381,278
46015,480460778,MarilynSFu,en,Wed Feb 01 14:36:54 +0000 2012,,882,862,1865
46086,1622836020,katherinee218,en,Fri Jul 26 12:38:56 +0000 2013,,173,265,366
46433,922722846,wrpvincent,en,Sat Nov 03 08:14:02 +0000 2012,Amsterdam,73,234,254
46967,2871959037,ABANAngels,en,Tue Nov 11 08:16:40 +0000 2014,,1734,1273,2204
46993,433118530,DrKennethLam,en,Sat Dec 10 05:04:52 +0000 2011,Central Time (US & Canada),217,1104,31
47060,612558250,elishadawn99,en,Tue Jun 19 13:33:09 +0000 2012,,107,152,673
47070,322143412,EemmaLaWombat,en,Wed Jun 22 18:08:56 +0000 2011,Quito,273,321,7724
47175,2367301308,gldls123,en,Sat Mar 01 16:37:14 +0000 2014,,37,429,8
47187,2872354855,hexafraction,en,Thu Oct 23 00:55:45 +0000 2014,,304,1259,207
47270,3119695604,StatementUps,en,Tue Mar 31 09:25:13 +0000 2015,New Delhi,16,236,11
47334,384926601,clara_warshow,en,Tue Oct 04 15:35:41 +0000 2011,Edinburgh,104,327,153
47483,720516768,NikoHKK,en,Fri Jul 27 17:11:34 +0000 2012,London,346,1737,2113
47715,1703573119,BradFossen,en,Tue Aug 27 02:42:58 +0000 2013,,650,1943,1300
47761,241140426,gotmegrey,en,Fri Jan 21 15:19:31 +0000 2011,Santiago,648,620,48705
47801,2953320744,WASC2015SL,en,Wed Dec 31 09:10:14 +0000 2014,,43,345,31
47893,23593496,MenchinRizzo,en,Tue Mar 10 13:53:47 +0000 2009,Eastern Time (US & Canada),348,1997,849
48015,2899646590,J_C_Marquardt,en,Sun Nov 30 19:14:40 +0000 2014,,166,323,129
48026,373371030,UnathiMtya,en,Wed Sep 14 13:23:02 +0000 2011,,17,92,67
48058,1589394144,5LitresOfficial,en,Fri Jul 12 21:12:54 +0000 2013,Athens,620,1478,151
48207,114549088,ChildrensCBF,en,Mon Feb 15 20:01:26 +0000 2010,Eastern Time (US & Canada),615,630,1518
48212,2789433778,lowk_ey53,en,Sun Sep 28 16:57:46 +0000 2014,Eastern Time (US & Canada),361,434,2697
48263,110617464,MAS_BHE,en,Tue Feb 02 05:05:58 +0000 2010,,370,1430,1246
48345,1543869223,chilljazzy16,en,Mon Jun 24 18:32:22 +0000 2013,Atlantic Time (Canada),160,424,1381
48545,400432730,voak_2000,en,Sat Oct 29 01:22:32 +0000 2011,,24,146,47
48620,2851648899,Speak3Languages,en,Thu Oct 30 17:20:13 +0000 2014,Eastern Time (US & Canada),61,248,111
48794,3119331424,MetasProgram,en,Thu Mar 26 17:39:55 +0000 2015,Pacific Time (US & Canada),11,89,7
48832,3110500552,MDBRide4Rare,en,Tue Mar 24 14:30:17 +0000 2015,Eastern Time (US & Canada),98,319,80
48849,408801634,RPrudence,en,Wed Nov 09 22:21:13 +0000 2011,London,178,644,320
48918,325328148,aitsl,en,Tue Jun 28 03:32:05 +0000 2011,Melbourne,24063,9650,9621
48974,397490403,SianGriffiths6,en,Mon Oct 24 19:19:04 +0000 2011,,4343,1999,5396
49072,19864946,culinary_quest,en,Sun Feb 01 16:36:35 +0000 2009,Pacific Time (US & Canada),209,155,452
49093,291818476,D_4_h,en,Mon May 02 17:23:15 +0000 2011,Riyadh,25,216,313
49144,168832206,NGCitizens,en,Tue Jul 20 22:24:06 +0000 2010,,1571,1056,2930
49172,2767399891,aryakehar,en,Mon Aug 25 18:20:19 +0000 2014,,169,2003,31
49250,115754120,heckmanequation,en,Fri Feb 19 20:36:05 +0000 2010,,7766,2069,1136
49260,12001622,drazenkrsmanovi,en,Tue Jan 08 21:54:55 +0000 2008,Belgrade,439,1708,4685
49424,3020158452,stlaurent_lily,en,Sat Feb 14 23:00:41 +0000 2015,,130,144,663
49864,2830109931,SimcManagement,en,Tue Oct 14 19:09:35 +0000 2014,Central Time (US & Canada),1504,1604,60
49867,242789846,ChrisTinaBosh23,en,Tue Jan 25 16:13:45 +0000 2011,,233,635,3234
49931,53557401,ashersyed,en,Sat Jul 04 01:27:37 +0000 2009,Karachi,77,631,89
49964,46071870,MarieLesiak,en,Wed Jun 10 09:04:49 +0000 2009,Greenland,212,650,185
50044,344334486,llbnyny,en,Thu Jul 28 22:21:14 +0000 2011,Eastern Time (US & Canada),282,369,646
50139,2963786194,group_liberty,en,Tue Jan 06 09:06:07 +0000 2015,Eastern Time (US & Canada),119,558,97
50159,15900213,shobanagowri,en,Tue Aug 19 03:41:05 +0000 2008,Mumbai,762,767,606
50256,1569373716,natethetree2012,en,Fri Jul 05 00:52:41 +0000 2013,,1175,1922,1344
50547,3025097812,mizzkarenhayes,en,Sun Feb 08 15:00:49 +0000 2015,,136,541,698
50783,23245625,HeatherErhard,en,Sat Mar 07 22:59:22 +0000 2009,Alaska,7840,7284,1291
50920,238525091,ghanlittlekingp,en,Sat Jan 15 11:08:57 +0000 2011,Pacific Time (US & Canada),1189,402,2112
50985,306273486,chanudiza,en,Fri May 27 15:55:42 +0000 2011,Casablanca,24,164,17
51000,1864169040,mjamore86,en,Sat Sep 14 15:42:55 +0000 2013,Eastern Time (US & Canada),28,312,15
51183,179940298,OceanOfTomorrow,en,Wed Aug 18 13:18:08 +0000 2010,Brussels,1090,1409,4062
51333,579890362,lorenchiles,en,Mon May 14 13:41:36 +0000 2012,Atlantic Time (Canada),361,1223,3167
51351,17209277,a_f13nd,en,Thu Nov 06 11:13:38 +0000 2008,Eastern Time (US & Canada),502,408,5749
51474,3072515253,jose_melian99,en,Thu Mar 05 14:55:18 +0000 2015,,73,95,20
51539,214610459,fk8599,en,Thu Nov 11 20:28:29 +0000 2010,Istanbul,29,148,1101
51576,599616391,kysergewilliams,en,Mon Jun 04 22:26:20 +0000 2012,London,127,348,1784
51618,2650196729,ULyndo,en,Sat Jun 28 13:43:48 +0000 2014,,18,129,19
51667,43534936,gemma_s_king,en,Sat May 30 14:29:50 +0000 2009,Melbourne,1570,786,2139
51990,3010770440,andredowdy1,en,Fri Feb 06 03:06:10 +0000 2015,,51,318,117
52134,555821859,wenqian5,en,Tue Apr 17 06:43:07 +0000 2012,Eastern Time (US & Canada),12,35,12
52220,25510622,TanyaRivero,en,Fri Mar 20 14:24:21 +0000 2009,Quito,2561,1836,1563
52234,17178112,dave_lo,en,Wed Nov 05 02:45:35 +0000 2008,Eastern Time (US & Canada),1351,1491,14355
52325,1383697436,CurbBen,en,Sat Apr 27 06:12:58 +0000 2013,,58,656,46
52383,3066025187,iamjackiefaber,en,Mon Mar 02 16:30:08 +0000 2015,,337,710,712
52665,2312529442,slaaaayyyyy,en,Wed Jan 29 19:10:49 +0000 2014,Atlantic Time (Canada),3001,2723,76594
52702,255962025,hayameissa,en,Tue Feb 22 11:20:18 +0000 2011,Baghdad,65,876,30
52783,247563181,jzdtrainer,en,Sat Feb 05 02:13:32 +0000 2011,Eastern Time (US & Canada),315,892,628
52809,365833553,tim_think,en,Thu Sep 01 02:49:30 +0000 2011,Atlantic Time (Canada),576,1603,1594
53050,904370568,PulizMoving,en,Thu Oct 25 17:58:31 +0000 2012,Arizona,347,1517,296
53059,14720074,aLargeElephant,en,Sat May 10 01:20:11 +0000 2008,Pacific Time (US & Canada),503,1720,1056
53189,116630822,12156565,en,Tue Feb 23 03:53:33 +0000 2010,Eastern Time (US & Canada),90,725,1866
53221,2960533276,MayCubanArt,en,Sun Jan 04 16:59:10 +0000 2015,Eastern Time (US & Canada),36,162,309
53271,1361817517,SureshPeace,en,Thu Apr 18 12:31:46 +0000 2013,,36,239,62
53548,718127834,GovernanceKM,en,Thu Jul 26 13:37:35 +0000 2012,Melbourne,183,279,174
53733,2243990855,kalhunt16,en,Wed Dec 25 23:47:56 +0000 2013,,170,111,323
53806,135615992,KateEMoore,en,Wed Apr 21 20:26:28 +0000 2010,Greenland,462,377,826
53871,1286235037,PPurposeful,en,Thu Mar 21 15:15:38 +0000 2013,Eastern Time (US & Canada),323,350,592
53883,1927407091,atlantaresumes,en,Wed Oct 02 16:14:11 +0000 2013,,117,564,105
54108,2995219443,autumnkcaldwell,en,Sat Jan 24 04:28:35 +0000 2015,,200,505,907
54141,2581879058,foreignmedicine,en,Sun Jun 22 08:44:21 +0000 2014,Mazatlan,38,170,358
54258,2993661070,divya_surana,en,Fri Jan 23 05:02:07 +0000 2015,,75,102,144
54287,460897784,thetalkpen,en,Wed Jan 11 07:29:07 +0000 2012,Belgrade,80,575,104
54307,2991245282,anitinku,en,Tue Jan 20 13:59:02 +0000 2015,,73,464,70
54348,236883178,giulietta580,en,Tue Jan 11 15:51:37 +0000 2011,Istanbul,118,632,1780
54376,217637862,ivankovicma,en,Sat Nov 20 02:26:42 +0000 2010,Zagreb,13,498,111
54564,1386912380,Miqad_Muhammad,en,Sun Apr 28 13:00:05 +0000 2013,,108,284,27
54669,2829515565,WellsStJournal,en,Tue Oct 14 13:49:24 +0000 2014,,383,1546,303
54728,2728540375,PeaceInFerguson,en,Wed Aug 13 04:22:37 +0000 2014,,35,117,111
54853,2764255840,madamdebo,en,Sun Sep 07 19:46:56 +0000 2014,,230,500,609
55046,296313827,AapChutiyeHain,en,Tue May 10 15:07:48 +0000 2011,Hawaii,51244,1947,24340
55056,2617366920,RISEforRHS,en,Fri Jul 11 13:38:08 +0000 2014,,63,193,61
55217,3014364942,MEF_Strateji,en,Mon Feb 09 14:03:31 +0000 2015,,128,727,319
55218,488390252,NancyLBruceTX,en,Fri Feb 10 12:01:02 +0000 2012,Central Time (US & Canada),350,1217,586
55232,317526157,sanjayyerekar,en,Wed Jun 15 02:10:49 +0000 2011,Mumbai,43,504,95
55413,113323906,drdorayaki,en,Thu Feb 11 11:44:03 +0000 2010,Jakarta,47,328,2049
55516,2157670393,FranticHispanic,en,Sat Oct 26 22:49:54 +0000 2013,Central Time (US & Canada),36,300,31
55613,3021138730,philmcdavid,en,Fri Feb 06 06:28:21 +0000 2015,,34448,2826,850
55631,1309016708,cognitee,en,Thu Mar 28 00:44:55 +0000 2013,Eastern Time (US & Canada),587,1663,151
55700,23888835,luceinla,en,Thu Mar 12 03:47:13 +0000 2009,Pacific Time (US & Canada),870,1426,4890
55793,2991244614,asukardi26,en,Tue Jan 20 14:33:30 +0000 2015,,25,277,135
55990,391350149,azadwali03,en,Sat Oct 15 12:48:58 +0000 2011,Pacific Time (US & Canada),66,804,2179
56011,2902736224,HIALSA_HLS,en,Tue Dec 02 19:04:36 +0000 2014,Eastern Time (US & Canada),250,1435,83
56155,2591399552,CounselorsJBHS,en,Fri Jun 27 13:46:21 +0000 2014,Atlantic Time (Canada),54,151,138
56304,1556173574,clairesdobbs19,en,Sat Jun 29 17:34:51 +0000 2013,,373,424,764
56322,364619260,D3pps,en,Tue Aug 30 01:51:14 +0000 2011,Hawaii,859,705,14511
56329,35916625,Daniel_CedenoB,en,Tue Apr 28 00:09:12 +0000 2009,Eastern Time (US & Canada),782,679,19157
56590,415862348,Hari_ram123,en,Fri Nov 18 22:36:45 +0000 2011,Chennai,292,2007,1649
56596,929995686,TeachPianoCello,en,Tue Nov 06 15:56:07 +0000 2012,Amsterdam,6832,4433,91
56862,513535520,swim_eat_sleep,en,Sat Mar 03 19:58:53 +0000 2012,Central Time (US & Canada),64,127,102
56869,2752761868,ddesino,en,Wed Aug 27 18:59:30 +0000 2014,Eastern Time (US & Canada),18,81,96
56907,22393560,bchabot,en,Sun Mar 01 19:13:27 +0000 2009,Eastern Time (US & Canada),106,460,1329
56960,324259811,LorenzoCongiu,en,Sun Jun 26 08:38:08 +0000 2011,Amsterdam,202,442,2685
56985,230080603,Jeeban_,en,Fri Dec 24 06:10:18 +0000 2010,Hawaii,180,1079,6162
57139,2995352536,RentHotNYC,en,Sat Jan 24 05:30:46 +0000 2015,Eastern Time (US & Canada),16,22,14
57140,2915035420,jessica_buesing,en,Thu Dec 11 04:21:09 +0000 2014,,62,338,58
57156,1615954741,Mr_Gruggen,en,Tue Jul 23 19:20:43 +0000 2013,Eastern Time (US & Canada),219,293,564
57392,2550331752,ProgowCorp,en,Fri Jun 06 15:47:33 +0000 2014,Pacific Time (US & Canada),89,343,30
57399,112899747,culturalista,en,Wed Feb 10 02:14:10 +0000 2010,Central Time (US & Canada),876,1275,2175
57505,28637377,romano_io,en,Fri Apr 03 19:49:22 +0000 2009,Central Time (US & Canada),71,475,52
57677,2898828783,SonicPlatforms,en,Sun Nov 30 07:34:01 +0000 2014,Eastern Time (US & Canada),313,1438,81
57692,474740722,LeratoGravitas,en,Thu Jan 26 09:13:34 +0000 2012,Athens,125,138,2971
57694,1367730182,Amberamin313,en,Sat Apr 20 18:41:25 +0000 2013,,74,409,511
57914,2494185595,WUT_Management,en,Wed May 14 13:05:30 +0000 2014,Warsaw,32,140,29
57963,19186555,sharonarlin,en,Mon Jan 19 15:23:26 +0000 2009,,177,879,871
58044,49771314,Sauliloquist,en,Mon Jun 22 21:24:42 +0000 2009,Eastern Time (US & Canada),128,280,578
58120,2600937900,kennydchen,en,Thu Jul 03 03:45:38 +0000 2014,,28,166,69
58414,1884330302,NovackMichael,en,Thu Sep 19 20:38:09 +0000 2013,Madrid,411,19,44
58640,1650994832,DJ520,en,Tue Aug 06 18:57:02 +0000 2013,,535,1868,7343
58656,2784470562,andro0omeda,en,Mon Sep 01 18:19:28 +0000 2014,Pacific Time (US & Canada),230,263,3533
58694,1310234443,LotfiDz_Cookie,en,Thu Mar 28 11:07:18 +0000 2013,Paris,98,77,15
58791,2986252592,mrthelismon,en,Sat Jan 17 00:11:23 +0000 2015,,33,431,13
58930,184508635,Sotomayor_Adam,en,Sun Aug 29 19:06:31 +0000 2010,Eastern Time (US & Canada),196,506,1086
58986,759526597,BaseballVikings,en,Wed Aug 15 14:53:20 +0000 2012,Eastern Time (US & Canada),505,1996,399
59105,2978975476,TheMinuteNYC,en,Wed Jan 14 22:27:34 +0000 2015,Eastern Time (US & Canada),42,145,86
59283,255321873,sriveragonzalez,en,Mon Feb 21 03:39:11 +0000 2011,Quito,553,871,4482
59685,2366324084,111wonderland,en,Sat Mar 01 01:21:32 +0000 2014,,43,325,111
59704,307511484,4Rober,en,Sun May 29 19:31:44 +0000 2011,La Paz,313,700,2184
59735,305416653,arafath_yasar,en,Thu May 26 05:24:24 +0000 2011,New Delhi,1320,1839,610
59767,154914498,rbhat_in,en,Sat Jun 12 15:31:40 +0000 2010,New Delhi,58,482,40
59825,471583774,jessinicole6,en,Mon Jan 23 01:34:52 +0000 2012,Arizona,550,325,1560
59997,160130892,Amen_Zine,en,Sun Jun 27 07:55:27 +0000 2010,Pacific Time (US & Canada),148,685,2020
60011,2466292364,sai2315,en,Sun Apr 27 15:59:27 +0000 2014,,217,1912,10
60028,235617747,t_mansell,en,Sat Jan 08 17:21:23 +0000 2011,London,154,672,638
60488,750075715,WarwickMidlands,en,Fri Aug 10 21:20:43 +0000 2012,,52,75,6
60554,330735142,ClaireYager,en,Thu Jul 07 02:25:49 +0000 2011,Eastern Time (US & Canada),479,154,6109
61041,1671294391,jpvgullery,en,Wed Aug 14 19:27:12 +0000 2013,Atlantic Time (Canada),467,328,7247
61212,49692661,nzenozor,en,Mon Jun 22 17:11:39 +0000 2009,,345,1975,89
61246,590005001,Nicky2314,en,Fri May 25 13:46:41 +0000 2012,Hawaii,161,1713,472
61415,2655527641,lhwhite2,en,Fri Jul 18 02:53:03 +0000 2014,,226,1708,33
61437,2774192259,mgungakiduo,en,Thu Sep 18 04:35:15 +0000 2014,,118,1998,8420
61463,31367573,Shree_Mishra,en,Wed Apr 15 08:17:59 +0000 2009,New Delhi,40,322,322
61683,2812077924,thegreatlekhs,en,Mon Sep 15 23:37:22 +0000 2014,,209,473,285
61689,210204136,ktolgahan,en,Sat Oct 30 20:49:43 +0000 2010,Istanbul,64,549,498
61972,162160056,DanielSoes,en,Fri Jul 02 21:54:29 +0000 2010,Bogota,547,1909,488
61996,589322045,Gamase3Marquez,en,Thu May 24 18:26:21 +0000 2012,,57,197,100
62157,2857151118,polkie_lamar,en,Wed Oct 15 22:05:52 +0000 2014,,25,436,11
62279,540787216,CatalinCraciun,en,Fri Mar 30 12:43:37 +0000 2012,Bucharest,18,133,124
62408,739809170,katemshepherd,en,Mon Aug 06 04:04:07 +0000 2012,Pacific Time (US & Canada),617,1041,2128
62436,285431977,luisricardodiaz,en,Thu Apr 21 04:15:36 +0000 2011,Central Time (US & Canada),19,272,290
62582,2923469301,KirilMironyuk,en,Mon Dec 15 19:51:50 +0000 2014,Pacific Time (US & Canada),31,454,28
62686,2291554362,Nena1D5,en,Tue Jan 14 18:56:25 +0000 2014,Amsterdam,320,1852,422
62806,266065717,countryschoolct,en,Mon Mar 14 15:55:54 +0000 2011,Atlantic Time (Canada),219,162,905
62818,2898488982,adnan_joura,en,Thu Nov 13 14:13:16 +0000 2014,,15,140,6
62878,2790224973,sivanmenache,en,Sun Sep 28 23:53:45 +0000 2014,,280,997,3120
63046,2921403768,GHoyslaRani,en,Sun Dec 07 08:39:01 +0000 2014,Chennai,78,666,99
63078,2874446142,chrysplatt,en,Fri Oct 24 03:17:09 +0000 2014,,226,839,1224
63151,2343366632,reyes_cornelia,en,Fri Feb 14 09:56:48 +0000 2014,,118,388,98
63181,88073019,cresoh,en,Sat Nov 07 00:30:58 +0000 2009,Greenland,67,202,44
63213,1690719372,unselving,en,Thu Aug 22 11:13:11 +0000 2013,,74,95,1407
63236,61655506,northstarclub,en,Fri Jul 31 01:29:20 +0000 2009,Pacific Time (US & Canada),490,1203,1013
63257,2864222879,Jhetcko,en,Thu Nov 06 18:34:15 +0000 2014,,83,236,68
63302,197178450,alexiasimental,en,Thu Sep 30 20:58:12 +0000 2010,Central Time (US & Canada),834,614,45444
63381,331131542,dogandenizz,en,Thu Jul 07 18:01:14 +0000 2011,London,263,717,317
63405,428510904,buzzlogic,en,Sun Dec 04 21:12:51 +0000 2011,London,247,813,1808
63424,219116399,MarcWFloyd,en,Tue Nov 23 23:49:08 +0000 2010,,118,1989,5197
63517,534840933,AymarShumi,en,Fri Mar 23 22:01:18 +0000 2012,Eastern Time (US & Canada),120,321,893
63534,322322027,Majhnsn,en,Thu Jun 23 00:21:39 +0000 2011,,254,834,593
63583,2319904456,PLongeyG,en,Sun Feb 02 12:22:04 +0000 2014,Pacific Time (US & Canada),53,131,1579
63597,1931196726,geniusandfolly,en,Thu Oct 03 16:10:53 +0000 2013,Pacific Time (US & Canada),101,211,275
63613,2887153407,BeaconEC,en,Fri Nov 21 18:44:34 +0000 2014,,15,99,44
63683,2869529758,shatteringthegl,en,Sun Nov 09 20:05:42 +0000 2014,,71,74,263
63912,1428627420,CHHardwick,en,Tue May 14 19:20:00 +0000 2013,,430,796,679
64016,27897555,La_Moreno,en,Tue Mar 31 15:52:52 +0000 2009,Eastern Time (US & Canada),494,2001,18122
64178,2695889263,belizecats,en,Thu Jul 31 14:43:05 +0000 2014,Pacific Time (US & Canada),298,1151,94
64284,2784465203,LoffNews,en,Thu Sep 25 21:50:02 +0000 2014,,92,332,386
64458,2894822469,thecustomwritin,en,Thu Nov 27 17:08:08 +0000 2014,Beijing,160,1990,248
64510,885902456,GelegbadamAnkhb,en,Wed Oct 17 02:51:07 +0000 2012,,666,1987,77
64608,193522549,Rizzo_Random,en,Wed Sep 22 01:11:17 +0000 2010,,1314,1713,8599
64651,2909373560,SBCC916,en,Mon Nov 24 19:40:50 +0000 2014,,82,421,414
64706,550000019,lydiakitaw,en,Tue Apr 10 10:41:26 +0000 2012,,238,326,244
64764,2890978175,NatalijaTrivic,en,Mon Nov 24 16:53:27 +0000 2014,,250,1884,393
64766,2730244171,floddenflower,en,Wed Aug 13 20:07:35 +0000 2014,,44,475,29
64807,2796532591,leonchin2015,en,Sun Sep 07 19:25:30 +0000 2014,,37,207,7
64929,2372501918,NYPD78Pct,en,Tue Mar 04 21:44:12 +0000 2014,,6209,5912,1850
65027,818133698,BeqaAvaliani,en,Tue Sep 11 20:32:29 +0000 2012,,145,1612,25
65058,2535511086,MomaniLina,en,Fri May 30 17:20:37 +0000 2014,,46,510,40
65130,58703286,rfloranita,en,Tue Jul 21 04:26:03 +0000 2009,Jakarta,253,763,569
65349,2895294656,dexs1106,en,Mon Nov 10 04:49:50 +0000 2014,,51,314,9
65371,18670538,decortejan,en,Tue Jan 06 11:25:33 +0000 2009,Amsterdam,419,1284,549
65485,900596318,fraylanie,en,Tue Oct 23 21:09:45 +0000 2012,,16,55,27
65558,20169189,albertotrallero,en,Thu Feb 05 17:55:32 +0000 2009,,364,605,1644
65713,613109138,CramBuddy,en,Wed Jun 20 03:53:43 +0000 2012,,274,873,835
65719,413477597,TDecesere22,en,Tue Nov 15 22:58:21 +0000 2011,,250,1969,698
65879,2883031409,myroommatesuckz,en,Tue Nov 18 19:38:24 +0000 2014,,59,893,28
65884,2882918289,marumamyo80,en,Tue Nov 18 18:27:45 +0000 2014,Pacific Time (US & Canada),21,136,10
66017,161683568,USJCT,en,Thu Jul 01 13:49:28 +0000 2010,Eastern Time (US & Canada),1357,516,2923
66038,214115651,SACHIN_ASHTEKAR,en,Wed Nov 10 16:14:54 +0000 2010,,21,211,137
66180,68193547,PERDOMO9,en,Sun Aug 23 17:41:49 +0000 2009,,30,50,32
66351,2811368195,MAgblonon,en,Mon Oct 06 19:54:44 +0000 2014,,45,180,20
66388,2173170780,serratoreb,en,Mon Nov 04 02:27:42 +0000 2013,,235,1178,329
66458,485981867,CanonJournal,en,Tue Feb 07 19:55:28 +0000 2012,Atlantic Time (Canada),73,627,70
66663,2532445536,sarthak33461735,en,Thu May 29 11:24:19 +0000 2014,,136,1599,18
66804,1467578610,mjmerey,en,Wed May 29 15:50:18 +0000 2013,,112,130,946
66830,1121028973,Jeff88Ho,en,Sat Jan 26 05:19:46 +0000 2013,Eastern Time (US & Canada),4284,699,267790
66981,1230867979,RoyandPrill,en,Fri Mar 01 18:38:41 +0000 2013,Pacific Time (US & Canada),21,236,1054
67020,474449594,Rithmonich5555,en,Thu Jan 26 00:44:47 +0000 2012,Novosibirsk,27,182,270
67162,148841709,cihantastan_ct,en,Thu May 27 19:03:40 +0000 2010,Quito,557,1025,3306
67176,105453361,Blagitsa,en,Sat Jan 16 11:33:15 +0000 2010,Greenland,128,767,48
67233,291528228,neelanjanagupta,en,Mon May 02 05:01:20 +0000 2011,,58,352,36
67303,245738239,chriskose,en,Tue Feb 01 10:56:23 +0000 2011,Greenland,318,1422,3391
67304,15140223,RudyMcComb,en,Tue Jun 17 00:02:43 +0000 2008,Pacific Time (US & Canada),678,1347,10048
67337,81103553,johannagoetzel,en,Fri Oct 09 13:04:45 +0000 2009,,365,989,934
67338,1544316144,sanezmith,en,Mon Jun 24 23:36:13 +0000 2013,Eastern Time (US & Canada),138,256,140
67415,528770601,juliathehobo,en,Sun Mar 18 19:19:30 +0000 2012,London,140,635,959
67472,2723142938,burmese_tharou,en,Mon Aug 11 04:23:58 +0000 2014,Rangoon,23,439,8
67487,46318998,Rajiv64,en,Thu Jun 11 05:00:17 +0000 2009,New Delhi,532,2009,5006
67583,569775564,Tejwagle,en,Thu May 03 04:57:03 +0000 2012,Kathmandu,156,1183,59
67599,516525140,abhinavghosh5,en,Tue Mar 06 13:30:35 +0000 2012,New Delhi,65,1007,109
67959,1632041942,jobs_eb,en,Tue Jul 30 04:50:47 +0000 2013,,15,344,45
68257,84413137,elianecezar,en,Thu Oct 22 20:11:04 +0000 2009,Greenland,689,508,24479
68397,344488892,LeonieEttinger,en,Fri Jul 29 04:04:45 +0000 2011,Quito,440,1191,662
68422,2489730481,okoboiJamesMich,en,Sun May 11 11:41:23 +0000 2014,,94,976,357
68546,608491416,pelumiiiiii,en,Thu Jun 14 19:19:58 +0000 2012,Arizona,265,384,5379
68612,185640838,bi_salles,en,Wed Sep 01 13:48:30 +0000 2010,,28,141,103
68666,2842404358,rhinoscrubs,en,Fri Oct 24 03:53:37 +0000 2014,,59,639,22
68722,1058492504,MarquettDavon,en,Thu Jan 03 18:41:52 +0000 2013,Arizona,291,994,592
68780,2737789836,vanlethithanh97,en,Sat Aug 16 18:26:46 +0000 2014,,85,746,122
68885,575171437,ganjan20,en,Wed May 09 08:26:28 +0000 2012,New Delhi,99,1827,64
69088,2484030030,DoloresDaly3,en,Thu May 08 16:20:04 +0000 2014,,118,770,355
69240,80388495,all4techmall,en,Tue Oct 06 19:59:36 +0000 2009,Pacific Time (US & Canada),22,533,20
69263,574921254,RiotLyte,en,Tue May 08 22:29:39 +0000 2012,Pacific Time (US & Canada),30600,1323,6025
69526,2453106065,mikedeugenio,en,Tue Apr 01 19:20:25 +0000 2014,,48,287,14
69630,14914477,BrigBurton,en,Mon May 26 23:36:12 +0000 2008,Arizona,4975,649,3476
69661,331648349,X_Yehia_X,en,Fri Jul 08 14:13:40 +0000 2011,Riyadh,138,1992,27
69668,69058430,oscareme,en,Wed Aug 26 18:38:12 +0000 2009,,337,2013,4350
69678,2777425711,InsideLook,en,Fri Aug 29 00:07:33 +0000 2014,,102466,112622,425
69692,193740606,miadegraaf,en,Wed Sep 22 15:41:33 +0000 2010,Eastern Time (US & Canada),1103,2090,2604
69711,2278107086,Hannanzia007,en,Sun Jan 05 21:13:53 +0000 2014,Islamabad,60,844,275
69851,247501452,usdegreesearch,en,Fri Feb 04 22:59:12 +0000 2011,Eastern Time (US & Canada),1227,1121,3534
69882,2544190118,mamendezPhD,en,Tue Jun 03 19:49:05 +0000 2014,,260,1044,145
69896,603598460,ezgifraser,en,Sat Jun 09 13:31:08 +0000 2012,Istanbul,526,363,6389
69959,2821410358,SonoKageEnzeru,en,Fri Oct 10 18:37:27 +0000 2014,,231,989,1879
70036,32501329,AlejandroArenas,en,Fri Apr 17 18:02:20 +0000 2009,Madrid,598,471,2093
70116,22320796,AstoriaSean,en,Sun Mar 01 01:58:54 +0000 2009,,1089,1898,49288
70150,593762727,TheMaryJesse,en,Tue May 29 12:55:05 +0000 2012,,6394,5789,1732
70252,41618309,llatoo,en,Thu May 21 16:22:42 +0000 2009,Santiago,336,689,3080
70265,207404407,SAmericanSchool,en,Mon Oct 25 07:43:46 +0000 2010,Singapore,894,908,1807
70325,512976147,stayartfully,en,Sat Mar 03 09:16:31 +0000 2012,,580,408,290
70366,2828226465,YWCPAVex1,en,Mon Oct 13 20:26:29 +0000 2014,,16,67,28
70535,91709247,divadssdavid,en,Sun Nov 22 03:00:36 +0000 2009,,58,93,161
70600,2552973426,firekoral_,en,Sat Jun 07 17:22:38 +0000 2014,,15,150,23
70636,1674850164,Amila_SLN,en,Fri Aug 16 05:27:22 +0000 2013,New Delhi,16,472,41
70653,2778317225,HeatherGrohe,en,Sat Sep 20 22:18:10 +0000 2014,,256,1464,916
70692,48616244,pathak_rahul,en,Fri Jun 19 05:03:49 +0000 2009,New Delhi,64,95,13
70757,2778941087,GlamourPrestige,en,Sun Sep 21 13:08:10 +0000 2014,,67,648,46
70901,558582292,VAMY4,en,Fri Apr 20 12:09:57 +0000 2012,Eastern Time (US & Canada),77,332,24
70944,2818134635,TOstrowe,en,Thu Oct 09 02:49:29 +0000 2014,,161,189,321
70952,64483323,shaunlippy,en,Mon Aug 10 19:02:48 +0000 2009,Central Time (US & Canada),45,104,724
70958,2567118523,gatebkk,en,Sat Jun 14 13:19:19 +0000 2014,,211,687,1430
70989,2844490417,AidanJets123,en,Tue Oct 07 19:30:46 +0000 2014,,41,276,28
71054,133169256,cloudlock,en,Thu Apr 15 05:20:11 +0000 2010,Eastern Time (US & Canada),9315,4404,4647
71170,15978859,ioanahr,en,Mon Aug 25 07:04:01 +0000 2008,London,1671,629,3308
71403,2734361280,mswacasey,en,Fri Aug 15 12:58:01 +0000 2014,Central Time (US & Canada),299,1095,655
71454,2595773268,IfaldiAndri,en,Mon Jun 30 04:33:49 +0000 2014,Bangkok,60,148,76
71464,251448669,a_lespier,en,Sun Feb 13 04:37:27 +0000 2011,Quito,103,837,361
71505,2806155119,OdiumEstMali,en,Sat Oct 04 19:57:44 +0000 2014,Eastern Time (US & Canada),25,199,22
71573,86913424,KharyllClark,en,Mon Nov 02 10:16:03 +0000 2009,Beijing,528,737,2179
71601,1075737110,Kasp1776,en,Thu Jan 10 05:24:13 +0000 2013,,68,392,58
71715,239818077,JoeJomah,en,Tue Jan 18 14:07:55 +0000 2011,Casablanca,24,90,151
71793,40292114,MeganHires,en,Fri May 15 17:48:51 +0000 2009,Eastern Time (US & Canada),774,1950,914
71876,713774252,massappealing,en,Tue Jul 24 06:02:16 +0000 2012,Pacific Time (US & Canada),92,643,330
71950,265802225,pawitrab,en,Mon Mar 14 04:54:19 +0000 2011,Baghdad,734,696,2743
72107,2778382873,OHSK12HARLEM,en,Fri Aug 29 12:04:26 +0000 2014,Eastern Time (US & Canada),182,624,394
72147,462128369,YorkUPresOffice,en,Thu Jan 12 16:04:51 +0000 2012,Eastern Time (US & Canada),4870,4215,6573
72215,1181213803,HoCo_Walt,en,Fri Feb 15 05:32:00 +0000 2013,Eastern Time (US & Canada),103,543,1940
72395,2616065880,cctelecomjobs,en,Thu Jul 10 20:14:25 +0000 2014,,222,508,2913
72429,2815087831,TEDxSingSing,en,Wed Sep 17 14:42:24 +0000 2014,,115,206,42
72555,2824441518,fffon5533,en,Sun Sep 21 15:21:40 +0000 2014,,223,1537,24
72801,167135115,flpcornejo,en,Thu Jul 15 21:03:21 +0000 2010,Quito,271,699,1240
73020,718197296,noor_nooralam,en,Thu Jul 26 14:18:53 +0000 2012,Dhaka,30,197,15
73314,2809835893,tweetrsharma,en,Sun Sep 14 16:59:19 +0000 2014,New Delhi,54,253,66
73335,2513197219,jason_trumpy,en,Wed May 21 17:31:51 +0000 2014,,43,81,12
73366,2774624889,aacpacollege,en,Thu Sep 18 15:19:36 +0000 2014,,48,128,29
73407,944317412,TMSATigers,en,Mon Nov 12 18:36:12 +0000 2012,Eastern Time (US & Canada),239,459,826
73435,100793465,sunil_sunil,en,Thu Dec 31 16:01:13 +0000 2009,Chennai,23,34,20
73655,243724106,whatseatingharl,en,Thu Jan 27 17:37:20 +0000 2011,Eastern Time (US & Canada),1736,2009,3281
73669,475511795,freschie,en,Fri Jan 27 04:18:45 +0000 2012,Eastern Time (US & Canada),135,266,215
73799,1344449089,ashley_cagle2,en,Thu Apr 11 13:51:50 +0000 2013,,362,402,1002
74111,2264223564,chirag2653,en,Fri Dec 27 11:40:41 +0000 2013,,32,1058,131
74334,1256033324,gould_lydia,en,Sun Mar 10 03:56:50 +0000 2013,,175,468,789
74371,171580937,The_Out_Siders,en,Tue Jul 27 17:48:00 +0000 2010,Eastern Time (US & Canada),709,1596,33503
74382,925214276,iBattts,en,Sun Nov 04 11:59:24 +0000 2012,New Delhi,34,483,32
74461,313710894,BeCosen,en,Thu Jun 09 02:56:18 +0000 2011,Central Time (US & Canada),482,1547,777
74594,2544623970,cuatwit,en,Tue Jun 03 23:39:38 +0000 2014,Eastern Time (US & Canada),135,197,411
74897,1229021462,ekarnaukh,en,Fri Mar 01 04:42:40 +0000 2013,Eastern Time (US & Canada),145,315,2818
75040,2732021382,wospk,en,Thu Aug 14 15:47:13 +0000 2014,Karachi,176,1344,560
75114,111475485,seaabah,en,Fri Feb 05 02:03:01 +0000 2010,Pacific Time (US & Canada),771,700,40371
75201,32274226,hailmaestro,en,Fri Apr 17 02:59:48 +0000 2009,Pacific Time (US & Canada),361,1058,2000
75226,77296735,AugustDeNYC,en,Fri Sep 25 19:58:09 +0000 2009,Atlantic Time (Canada),167,1048,473
75293,880222129,MuhammadJazil1,en,Sun Oct 14 14:11:20 +0000 2012,Karachi,132,1600,147
75402,1015366453,a0nnie,en,Sun Dec 16 14:47:13 +0000 2012,Eastern Time (US & Canada),125,62,2960
75639,2502069662,RadoVon,en,Sat May 17 17:18:04 +0000 2014,,1189,2088,13774
75753,363499453,HBadjatya,en,Sun Aug 28 05:31:50 +0000 2011,New Delhi,70,414,23
75782,788109264,antipcontra,en,Tue Aug 28 23:48:39 +0000 2012,,20,199,28
75902,37113369,evellin_paiva,en,Sat May 02 02:16:47 +0000 2009,Brasilia,376,560,3706
76353,2773761224,CUFAITHACTION,en,Wed Aug 27 16:27:22 +0000 2014,Eastern Time (US & Canada),13,10,12
76422,361049345,stamfordbandung,en,Wed Aug 24 05:02:16 +0000 2011,Bangkok,119,95,357
76470,100375790,nomurphyslaw,en,Wed Dec 30 02:05:40 +0000 2009,Central Time (US & Canada),262,424,1289
76524,301345813,bariyoj,en,Thu May 19 09:36:32 +0000 2011,,29,1049,28
76582,2761921124,need2retweet,en,Sun Aug 24 09:45:04 +0000 2014,,62,962,182
76795,213186635,rkambati,en,Mon Nov 08 06:23:10 +0000 2010,New Delhi,84,1385,434
76946,490986566,DavidWright5215,en,Mon Feb 13 04:00:22 +0000 2012,,141,330,1058
77193,832053535,ShahmeerBaweja,en,Tue Sep 18 22:57:16 +0000 2012,,69,202,16
77451,327069673,dianne_lynn,en,Thu Jun 30 23:19:25 +0000 2011,,217,1863,5224
77600,195849001,pdm_64,en,Mon Sep 27 18:34:47 +0000 2010,,188,1211,700
77659,442423292,TrevorPipkin23,en,Wed Dec 21 03:22:38 +0000 2011,,622,919,2920
77675,53842812,LinaPuerto,en,Sun Jul 05 05:11:19 +0000 2009,Bogota,194,494,193
77738,111085678,uujjii,en,Wed Feb 03 19:27:30 +0000 2010,Karachi,85,993,189
77884,2609283865,BunKingoo,en,Mon Jul 07 09:08:30 +0000 2014,,17,135,10
78030,2437648297,pelicanconnect,en,Thu Apr 10 23:28:11 +0000 2014,,66,646,59
78074,2179164305,AtomskyJahid,en,Wed Nov 13 05:21:28 +0000 2013,,22,299,26
78446,462513751,FL_Trust,en,Fri Jan 13 01:22:00 +0000 2012,Casablanca,7466,1734,5057
78519,2295591692,theshiftseries,en,Fri Jan 17 06:18:28 +0000 2014,New Delhi,149,267,568
78539,2568011155,obzervanteyez,en,Sun Jun 15 00:09:35 +0000 2014,,20,258,62
78546,456799384,singh_birbal,en,Fri Jan 06 17:36:08 +0000 2012,Hawaii,111,461,457
78629,2403101440,H4992,en,Tue Mar 11 20:50:42 +0000 2014,,12,311,33
78671,249465887,ashleytownshend,en,Wed Feb 09 03:04:36 +0000 2011,,884,1558,2524
78772,240286859,gannonm8589,en,Wed Jan 19 15:43:48 +0000 2011,Eastern Time (US & Canada),45,262,337
78797,2507413175,xndredwrds,en,Fri Apr 25 02:06:14 +0000 2014,Pacific Time (US & Canada),19,41,37
78875,386748185,jordanckyle,en,Fri Oct 07 20:39:51 +0000 2011,,96,194,152
78892,50259615,andyichnusa,en,Wed Jun 24 09:16:06 +0000 2009,London,55,219,125
78967,2735742821,TommyEitel,en,Thu Aug 07 02:33:57 +0000 2014,,18,54,12
78968,1886774947,KHSMWVSchCoun,en,Fri Sep 20 14:36:32 +0000 2013,Eastern Time (US & Canada),115,93,371
79068,963693866,kikaynaguro,en,Thu Nov 22 05:43:52 +0000 2012,Krasnoyarsk,827,1975,21554
79103,31028204,piercextension,en,Tue Apr 14 02:05:42 +0000 2009,Pacific Time (US & Canada),308,667,336
79107,14148308,_ericelliott,en,Fri Mar 14 18:06:53 +0000 2008,,14806,10873,26289
79174,334028125,NEXTAdAgency,en,Tue Jul 12 13:29:11 +0000 2011,Eastern Time (US & Canada),783,1231,1040
79198,22414224,andrewaloha,en,Sun Mar 01 22:16:21 +0000 2009,Arizona,788,1860,5196
79299,477310908,synchronicitisi,en,Sun Jan 29 02:11:48 +0000 2012,Central Time (US & Canada),889,1252,13050
79460,417842783,Josmikellov,en,Mon Nov 21 12:43:40 +0000 2011,,39,466,50
79780,1396484258,openSAP,en,Thu May 02 07:15:46 +0000 2013,Dublin,8305,999,5371
79867,287365295,JohnTarbutton,en,Sun Apr 24 21:09:57 +0000 2011,Eastern Time (US & Canada),89,369,587
80127,289117765,InteriaCo,en,Thu Apr 28 01:54:01 +0000 2011,Mountain Time (US & Canada),2517,524,155
80142,560536369,makahavagabond,en,Sun Apr 22 19:24:46 +0000 2012,,25,291,80
80258,85328631,Afridi100,en,Mon Oct 26 14:35:37 +0000 2009,Islamabad,98,1395,109
80337,2685612175,annguyenOT,en,Sun Jul 27 17:40:30 +0000 2014,Pacific Time (US & Canada),307,502,146
80834,453411935,stanton_daniel,en,Mon Jan 02 22:14:29 +0000 2012,Eastern Time (US & Canada),864,2004,815
80847,2404045194,paaJoel,en,Sat Mar 22 14:59:57 +0000 2014,Casablanca,139,210,1227
80878,2673394897,saenzaar,en,Wed Jul 23 10:47:44 +0000 2014,Central Time (US & Canada),111,1081,94
80974,2450694716,gracextang,en,Fri Apr 18 02:13:39 +0000 2014,,1623,2016,13295
81049,2647088282,NTU_OFFICIAL,en,Tue Jul 15 07:15:49 +0000 2014,,81,78,31
81148,1399558992,KofiAKwarteng,en,Fri May 03 12:00:51 +0000 2013,,22,128,42
81586,2194286772,saifulIslam2880,en,Thu Nov 14 14:25:35 +0000 2013,Pacific Time (US & Canada),316,1358,227
81652,83539371,abhijoy_sarkar,en,Mon Oct 19 06:42:34 +0000 2009,Kolkata,274,808,1497
81654,2651768468,ColumbiaMTennis,en,Wed Jul 16 19:26:22 +0000 2014,,256,45,986
81688,2473777394,alderbusischool,en,Fri May 02 10:08:10 +0000 2014,West Central Africa,53,581,1882
81771,2637311022,Farhan_Boota,en,Sun Jul 13 15:25:39 +0000 2014,,86,457,103
81772,99503192,jonathaansousa,en,Sat Dec 26 13:39:34 +0000 2009,Baghdad,146,1297,715
82242,109429867,SinanAkgunay,en,Fri Jan 29 01:16:15 +0000 2010,Quito,142,659,402
82244,349301992,RamblerCafLady,en,Fri Aug 05 22:01:38 +0000 2011,Hawaii,51,192,372
82400,2610379987,gemadventure,en,Mon Jul 07 19:54:08 +0000 2014,Mountain Time (US & Canada),251,965,47
82408,1259765539,JoelAndrewD,en,Mon Mar 11 15:42:37 +0000 2013,Atlantic Time (Canada),1235,676,3167
82453,49940107,FleetTutors,en,Tue Jun 23 10:21:33 +0000 2009,London,794,605,3686
82613,322784162,tawnybourque,en,Thu Jun 23 18:53:25 +0000 2011,,206,1639,1011
82630,161620291,buanababe,en,Thu Jul 01 09:12:53 +0000 2010,Bangkok,635,311,3988
82641,2610530844,NoOneLovesLouis,en,Mon Jul 07 22:08:30 +0000 2014,Eastern Time (US & Canada),44,662,333
82690,257124052,arvind_akp,en,Thu Feb 24 19:47:25 +0000 2011,New Delhi,526,2121,1222
82869,1886497346,AECEducational,en,Fri Sep 20 13:07:30 +0000 2013,,15,184,8
82909,271482874,dmathematicianb,en,Thu Mar 24 16:04:53 +0000 2011,,45,940,85
82960,2310411717,BrianKitoto,en,Tue Jan 28 19:25:41 +0000 2014,,49,217,245
82975,486140077,chikitita_perez,en,Tue Feb 07 23:45:29 +0000 2012,,455,1119,1814
83171,300977099,inflexigirl,en,Wed May 18 17:29:15 +0000 2011,Eastern Time (US & Canada),365,1056,1786
83215,2520700514,OceanEnergy2,en,Sat May 24 15:18:21 +0000 2014,,11579,17802,421
83241,2500050079,ActuallyaBatman,en,Fri May 16 22:33:29 +0000 2014,Eastern Time (US & Canada),34,1178,93
83282,2662434035,LabordaPatricia,en,Wed Jul 02 03:31:50 +0000 2014,,23,57,10
83360,315725450,nilosmita,en,Sun Jun 12 10:24:17 +0000 2011,,260,1255,300
83630,18580401,kG6,en,Sat Jan 03 15:14:04 +0000 2009,Bangkok,210,1183,3897
83632,2593147320,BCompareHealth,en,Sat Jun 28 14:21:40 +0000 2014,Pacific Time (US & Canada),277,898,1044
84237,2581317582,xxkillxx233,en,Sun Jun 22 01:30:04 +0000 2014,,147,827,54
84418,2501937950,edstreasure,en,Sat May 17 16:20:16 +0000 2014,,577,1955,224
84461,2470636238,masenyai,en,Wed Apr 30 10:04:03 +0000 2014,,274,1990,13
84481,181464018,NabalAdha,en,Sun Aug 22 07:44:56 +0000 2010,,816,1472,6425
84564,516023729,shirtanley,en,Tue Mar 06 00:37:38 +0000 2012,Eastern Time (US & Canada),152,128,699
84575,290259106,wilmaryd11,en,Sat Apr 30 00:33:02 +0000 2011,Caracas,37,145,100
84637,437486997,Blaques009,en,Thu Dec 15 13:24:43 +0000 2011,Harare,425,2003,4876
84686,61930332,prashobhc,en,Sat Aug 01 01:46:07 +0000 2009,New Delhi,110,600,766
84697,383546629,pamummsw,en,Sun Oct 02 02:41:17 +0000 2011,Eastern Time (US & Canada),197,810,86
84886,57617174,MattKelPistel,en,Fri Jul 17 11:17:53 +0000 2009,Eastern Time (US & Canada),367,1447,1379
84956,22001225,Nadinov,en,Thu Feb 26 11:58:15 +0000 2009,Paris,197,774,1137
84964,2215586005,JoJothun,en,Tue Nov 26 11:45:10 +0000 2013,Bangkok,49,656,154
85051,190896259,Mirkoballarini,en,Wed Sep 15 03:02:07 +0000 2010,Amsterdam,471,1284,3010
85103,400915420,RahulW91,en,Sat Oct 29 19:29:35 +0000 2011,,111,671,1572
85129,89097667,UBCpreacher,en,Wed Nov 11 03:33:47 +0000 2009,,453,794,431
85410,1624510022,MounikaBodapati,en,Sat Jul 27 03:50:48 +0000 2013,Atlantic Time (Canada),48,155,454
85625,2557779278,toribaby4123,en,Tue Jun 10 00:00:38 +0000 2014,,106,559,10
85644,2557475125,columbiagphi,en,Mon Jun 09 20:15:29 +0000 2014,Pacific Time (US & Canada),164,145,130
85652,2367337351,BethanyMedley,en,Sat Mar 01 17:01:01 +0000 2014,,29,196,118
85862,65923008,aliulmen,en,Sat Aug 15 15:56:03 +0000 2009,Pacific Time (US & Canada),52,329,1033
86062,454506560,maryeanderson29,en,Wed Jan 04 02:25:00 +0000 2012,,21,78,43
86224,494364279,Andrew_Abadeer,en,Thu Feb 16 20:35:28 +0000 2012,,39,72,15
86242,41299187,cvpatna,en,Wed May 20 04:53:00 +0000 2009,Asia/Calcutta,57,1077,113
86333,2538960392,Rajkishore1969,en,Sun Jun 01 06:54:08 +0000 2014,,175,1463,316
86380,325427088,DeborahDorabell,en,Tue Jun 28 08:29:45 +0000 2011,Arizona,76,416,188
86401,331057589,ChloeLenihan,en,Thu Jul 07 15:48:26 +0000 2011,Eastern Time (US & Canada),154,138,105
86650,2357687126,UAM_TeLL,en,Sun Feb 23 08:32:31 +0000 2014,Pacific Time (US & Canada),51,301,41
86669,2503259915,AbacheMelissa,en,Wed Apr 23 04:48:31 +0000 2014,,604,1945,939
86709,2535005509,MrKuertz,en,Fri May 30 12:36:33 +0000 2014,Melbourne,61,918,142
86757,384412112,_groundcoffee,en,Mon Oct 03 16:51:56 +0000 2011,Atlantic Time (Canada),452,1994,1645
87242,381885215,ceschafer,en,Thu Sep 29 03:22:27 +0000 2011,,107,708,1845
87317,323043092,DesretaJackson,en,Fri Jun 24 04:46:07 +0000 2011,,16664,2074,830
87621,21217021,markgbarber,en,Wed Feb 18 17:23:03 +0000 2009,Tehran,46,107,63
87630,2337216289,blendedbitcoins,en,Mon Feb 10 20:18:19 +0000 2014,Arizona,599,1932,90
87642,2371082718,allieokeefe,en,Mon Mar 03 23:42:22 +0000 2014,,71,145,140
87894,2383438688,Chris2277384,en,Tue Mar 11 09:16:18 +0000 2014,Eastern Time (US & Canada),156,1999,1716
87988,1225768602,RonDevard,en,Wed Feb 27 18:37:15 +0000 2013,,352,1566,6796
88032,365856930,Bertoo01,en,Thu Sep 01 03:57:22 +0000 2011,,44,294,91
88110,2333259408,lisa_jenifer,en,Sat Feb 08 10:30:05 +0000 2014,Pacific Time (US & Canada),474,1199,564
88142,13549862,eroberts718,en,Sat Feb 16 10:57:04 +0000 2008,Central Time (US & Canada),518,2012,6318
88261,1102654172,GageSattler,en,Sat Jan 19 03:14:43 +0000 2013,Central Time (US & Canada),176,816,3696
88273,288971460,aarvi0,en,Wed Apr 27 19:45:06 +0000 2011,New Delhi,59,936,8
88450,50081895,FredWiddowson,en,Tue Jun 23 19:55:07 +0000 2009,Eastern Time (US & Canada),280,1933,5822
88627,1706159905,Lulurevere,en,Wed Aug 28 02:32:57 +0000 2013,,122,268,259
88871,62281954,Parabear,en,Sun Aug 02 15:40:29 +0000 2009,Eastern Time (US & Canada),734,428,1005
88947,2374314588,actuarial_exams,en,Wed Mar 05 20:38:52 +0000 2014,,46,52,32
89025,245499504,Wonkhe,en,Mon Jan 31 20:54:22 +0000 2011,London,18337,14745,6007
89078,439023236,TourismVelenje,en,Sat Dec 17 08:28:33 +0000 2011,Ljubljana,493,2083,187
89104,249886765,owlnotations,en,Thu Feb 10 00:12:12 +0000 2011,Alaska,25,62,95
89209,435669596,Jesus_Mohammad,en,Tue Dec 13 09:42:59 +0000 2011,Atlantic Time (Canada),246,2000,6093
89229,838875650,GalenPardee,en,Sat Sep 22 01:37:45 +0000 2012,,55,346,38
89307,67635866,Nicolasmayorga,en,Fri Aug 21 15:35:39 +0000 2009,Bogota,296,586,5081
89312,2301376081,38hrs1,en,Mon Jan 20 13:06:39 +0000 2014,Ljubljana,790,395,118
89328,254345428,noskcajnadnerb,en,Sat Feb 19 03:19:58 +0000 2011,Eastern Time (US & Canada),197,377,1396
89372,264241752,__spz__,en,Fri Mar 11 15:41:36 +0000 2011,Central Time (US & Canada),236,255,35
89473,2418179448,Veelistapp,en,Sun Mar 30 00:30:37 +0000 2014,Amsterdam,2981,5042,1089
89485,2152190053,lucyiwest,en,Thu Oct 24 03:57:39 +0000 2013,Arizona,321,2005,7704
89600,1688073487,SchnippR,en,Wed Aug 21 11:11:29 +0000 2013,Athens,15,110,664
89846,387092250,LeeHyeoree,en,Sat Oct 08 13:11:12 +0000 2011,Jakarta,44,150,293
89874,1097273526,rasith321xtlm,en,Thu Jan 17 05:31:39 +0000 2013,Chennai,22,243,22
89915,66116813,andrewagallo,en,Sun Aug 16 13:44:28 +0000 2009,Eastern Time (US & Canada),102,337,291
89958,439886180,HailRamjas,en,Sun Dec 18 09:30:26 +0000 2011,New Delhi,234,122,1931
89973,193624909,accessprofs,en,Wed Sep 22 08:59:00 +0000 2010,,580,1118,808
90049,2176245166,kassidy_demaio,en,Sun Nov 10 21:45:59 +0000 2013,,701,2012,4349
90094,1513938619,KittenAiko,en,Thu Jun 13 16:59:07 +0000 2013,Central Time (US & Canada),38,1510,227
90113,2154524455,vaheedtlr,en,Fri Oct 25 09:21:40 +0000 2013,,11,89,8
90190,1299726890,DentistryPedia,en,Mon Mar 25 14:33:18 +0000 2013,,62,130,569
90227,55224498,Mola_Moli,en,Thu Jul 09 12:46:35 +0000 2009,Jakarta,332,760,10806
90312,1683045271,QuickerBookcom,en,Mon Aug 19 11:22:51 +0000 2013,Baghdad,5371,5814,265
90414,562158374,olatayeb,en,Tue Apr 24 16:32:59 +0000 2012,Baghdad,23,78,30
90422,166385108,jonesy236,en,Wed Jul 14 01:07:45 +0000 2010,,567,2000,4279
90665,157066995,drjitendrak2,en,Fri Jun 18 19:18:14 +0000 2010,Kolkata,137,984,112
90763,2185023969,alanamchelle,en,Sun Nov 17 19:52:48 +0000 2013,Eastern Time (US & Canada),113,1132,24
91219,107190574,sus_delia,en,Thu Jan 21 20:14:04 +0000 2010,,15,47,7
91360,2450323610,fieldphilosophy,en,Thu Apr 17 19:39:16 +0000 2014,Atlantic Time (Canada),94,250,174
91701,2424405716,CrossFellGroup,en,Wed Apr 02 22:18:02 +0000 2014,Moscow,55,97,68
91702,2451309499,zaldriz,en,Fri Apr 18 12:30:43 +0000 2014,Atlantic Time (Canada),34,818,132
91996,209152521,Ravers_Paradise,en,Thu Oct 28 16:26:22 +0000 2010,Amsterdam,343,1023,3327
92203,2414871818,GutMojo,en,Thu Mar 27 20:37:36 +0000 2014,,317,2072,309
92342,187815361,dallak99,en,Tue Sep 07 06:22:34 +0000 2010,,377,847,885
92380,985944344,batulzii14,en,Mon Dec 03 04:45:21 +0000 2012,Beijing,361,1886,31
92671,86972590,SDCYO,en,Mon Nov 02 16:16:55 +0000 2009,Pacific Time (US & Canada),253,684,122
92820,228009287,fatihozde,en,Sat Dec 18 13:10:18 +0000 2010,Istanbul,19911,2562,10299
92892,575117611,77_abhishek,en,Wed May 09 06:42:56 +0000 2012,Chennai,29,496,303
92936,27490273,fakakiss,en,Sun Mar 29 19:53:25 +0000 2009,London,109,988,347
93024,264071741,ambivextrous,en,Fri Mar 11 08:24:33 +0000 2011,Mumbai,143,420,90
93038,357839910,IEmmanouilidou,en,Fri Aug 19 00:11:10 +0000 2011,Paris,143,694,32
93077,1417272547,SalamancaAu,en,Fri May 10 05:41:30 +0000 2013,,723,1786,201
93426,2319072834,education_gaksu,en,Thu Jan 30 15:19:28 +0000 2014,Eastern Time (US & Canada),13,137,25
93431,19754094,socialfinance,en,Fri Jan 30 04:28:28 +0000 2009,Eastern Time (US & Canada),11998,2772,15504
93530,12991012,gaurav_pandey,en,Sat Feb 02 21:30:40 +0000 2008,Melbourne,988,556,31112
93663,2429514619,pandit_riya,en,Sat Apr 05 22:09:16 +0000 2014,,185,490,2199
